edge_idx,source,target,relation,confidence,slices,domain,url
0,abbott,uk_labour,member,confirmed,rls-germany,en.wikipedia.org,https://en.wikipedia.org/wiki/Diane_Abbott
1,afgj,ev_nica_delegation_2021,organized,confirmed,latam-solidarity,afgj.org,https://afgj.org/statement-of-the-international-delegation-to-nicaragua-july-18-25-2021
2,afgj,ev_nica_election_2021,endorsed,inferred,latam-solidarity,influencewatch.org,https://www.influencewatch.org/non-profit/alliance-for-global-justice/
3,afgj,ev_vz_election_2024,accompanied,confirmed,latam-solidarity,afgj.org,https://afgj.org/communique-august-2-2024-alliance-for-global-justice-delegation-demands-respect-for-venezuelas-democracy-in-light-of-july-28-elections
4,afgj,ev_vz_election_2024,endorsed,confirmed,latam-solidarity,peoplesforum.org,https://peoplesforum.org/venezuela-elections
130,alvin_benjamin,arc_of_justice,funds,confirmed,iran-network,projects.propublica.org,https://projects.propublica.org/nonprofits/organizations/841618483
131,anderson-figueroa,china,foreign_tie,inferred,singham-spine,jis.gov.jm,https://jis.gov.jm/jamaicans-receive-scholarships-from-china/
132,ann_wright,iran,foreign_tie,confirmed,iran-network,codepink.org,https://www.codepink.org/day_2
133,ann_wright,zarif,met,confirmed,iran-network,codepink.org,https://www.codepink.org/day_2
134,answer,ev_nica_delegation_2021,cosponsored,confirmed,latam-solidarity,afgj.org,https://afgj.org/statement-of-the-international-delegation-to-nicaragua-july-18-25-2021
135,answer,ev_vz_election_2024,endorsed,confirmed,latam-solidarity,peoplesforum.org,https://peoplesforum.org/venezuela-elections
136,answer,hatuey,co_organizer,confirmed,hatuey,hatueyproject.org,https://www.hatueyproject.org/news/activists-land-in-cuba-with-emergency-medicine-delivery/
137,arc_of_justice,afgj,grant,confirmed,iran-network,projects.propublica.org,https://projects.propublica.org/nonprofits/organizations/841618483
138,arc_of_justice,ccr,grant,confirmed,iran-network,projects.propublica.org,https://projects.propublica.org/nonprofits/organizations/841618483
139,arc_of_justice,codepink,related_party,confirmed,iran-network,projects.propublica.org,https://projects.propublica.org/nonprofits/organizations/841618483
140,arc_of_justice,global_exchange,grant,confirmed,iran-network,projects.propublica.org,https://projects.propublica.org/nonprofits/organizations/841618483
141,arc_of_justice,grassroots_intl,grant,confirmed,iran-network,projects.propublica.org,https://projects.propublica.org/nonprofits/organizations/841618483
143,arc_of_justice,social_good_fund,grant,confirmed,iran-network,projects.propublica.org,https://projects.propublica.org/nonprofits/organizations/841618483
144,arlen_gomez,arc_of_justice,officer,confirmed,iran-network,projects.propublica.org,https://projects.propublica.org/nonprofits/organizations/841618483
145,atc,fsln,aligned,inferred,latam-solidarity,afgj.org,https://afgj.org/nicanotes-atc-defending-rural-workers-since-the-1970s
147,baker_gordon,cuba,foreign_tie,inferred,singham-spine,en.wikipedia.org,https://en.wikipedia.org/wiki/General_Baker
148,balagun,brecht_forum,former_role,confirmed,rls-germany,rosalux.nyc,https://rosalux.nyc/author/kazembebalagun/
149,balagun,rls_nyc,officer,confirmed,rls-germany,rosalux.nyc,https://rosalux.nyc/author/kazembebalagun/
150,bap,ev_nica_delegation_2021,cosponsored,confirmed,latam-solidarity,afgj.org,https://afgj.org/statement-of-the-international-delegation-to-nicaragua-july-18-25-2021
151,bap,ev_vz_election_2024,endorsed,confirmed,latam-solidarity,peoplesforum.org,https://peoplesforum.org/venezuela-elections
152,bap,rub_national_network_on_cuba,member,inferred,rubio-cuba,nnoc.org,https://nnoc.org/member-orgs/
153,baptist,cuba,foreign_tie,inferred,singham-spine,housingjusticeoralhistory.org,https://housingjusticeoralhistory.org/projects/picture-the-homeless-1/interviews/willie-baptist-%28interview-2%29-28/
154,tighe_barry,china,foreign_tie,inferred,singham-spine,trtworld.com,https://www.trtworld.com/magazine/american-activist-from-vietnam-to-gaza-war-my-government-lies-to-me-18204641
155,belen,china,foreign_tie,inferred,singham-spine,imdb.com,https://www.imdb.com/name/nm11709082/
156,belen,russia,foreign_tie,inferred,singham-spine,imdb.com,https://www.imdb.com/name/nm11709082/
157,bello,pi,council,confirmed,rls-germany,progressive.international,https://progressive.international/members/
158,bello,rls_nyc,event_participant,inferred,rls-germany,keywiki.org,https://keywiki.org/Rosa_Luxemburg_Stiftung
159,ben_becker,answer,former_organizer,confirmed,hatuey,adl.org,https://www.adl.org/resources/backgrounder/party-socialism-and-liberation-psl
160,ben_becker,china,foreign_tie,inferred,singham-spine,liberationnews.org,https://liberationnews.org/author/brian_becker/
161,ben_becker,ev_wfys_2005,led,confirmed,latam-solidarity,liberationnews.org,https://www.liberationnews.org/05-09-01-psl-delegates-to-caracas-world-y-html
164,benjamin,arc_of_justice,funds,confirmed,iran-network,projects.propublica.org,https://projects.propublica.org/nonprofits/organizations/841618483
165,benjamin,arc_of_justice,officer,confirmed,iran-network,projects.propublica.org,https://projects.propublica.org/nonprofits/organizations/841618483
166,benjamin,china,foreign_tie,inferred,singham-spine,en.wikipedia.org,https://en.wikipedia.org/wiki/Medea_Benjamin
167,benjamin,codepink,co_founder,confirmed,iran-network,projects.propublica.org,https://projects.propublica.org/nonprofits/organizations/262823386
168,benjamin,codepink,role,inferred,rubio-cuba,en.wikipedia.org,https://en.wikipedia.org/wiki/Medea_Benjamin
169,benjamin,fars_news,media_appearance,confirmed,iran-network,nejatngo.org,https://www.nejatngo.org/en/posts/9569
170,benjamin,global_exchange,co_founder,confirmed,iran-network,projects.propublica.org,https://projects.propublica.org/nonprofits/organizations/943066686
171,benjamin,iran,attended_delegation,confirmed,iran-network,codepink.org,https://www.codepink.org/pretrip
173,benjamin,iran_foreign_ministry,met,inferred,iran-network,codepinkdc.blogspot.com,http://codepinkdc.blogspot.com/2008/11/medeas-blog-day-1-iran-citizen.html
175,benjamin,new_horizon,attended_delegation,confirmed,iran-network,memri.org,https://www.memri.org/reports/second-international-new-horizon-conference-tehran
176,benjamin,zarif,met,confirmed,iran-network,codepink.org,https://www.codepink.org/day_3
177,bertoldi,albamov,member,confirmed,latam-solidarity,breakthroughnews.org,https://breakthroughnews.org/2020/08/28/why-us-political-scientists-are-arguing-that-evo-morales-should-be-the-president-of-bolivia/
178,bertoldi,ipa,coordinator,confirmed,latam-solidarity,breakthroughnews.org,https://breakthroughnews.org/2020/08/28/why-us-political-scientists-are-arguing-that-evo-morales-should-be-the-president-of-bolivia/
179,bounds,cuba,foreign_tie,inferred,singham-spine,peoplesforum.org,https://peoplesforum.org/about/staff/
180,bournous,syriza,member,confirmed,rls-germany,en.wikipedia.org,https://en.wikipedia.org/wiki/Syriza
181,brease,btm,member,inferred,singham-spine,projects.propublica.org,https://projects.propublica.org/nonprofits/organizations/845071181
182,brian_becker,answer,national_coordinator,confirmed,hatuey,adl.org,https://www.adl.org/resources/backgrounder/party-socialism-and-liberation-psl
184,brian_becker,china,foreign_tie,inferred,singham-spine,influencewatch.org,https://www.influencewatch.org/person/brian-becker/
185,brian_becker,pf,instructor,confirmed,hatuey,peoplesforum.org,https://peoplesforum.org/instructors/brian-becker/
186,brian_becker,psl,co_founder,confirmed,hatuey,adl.org,https://www.adl.org/resources/backgrounder/party-socialism-and-liberation-psl
188,brian_becker,richard_becker,relative,inferred,hatuey,adl.org,https://www.adl.org/resources/backgrounder/party-socialism-and-liberation-psl
189,bugni,ucf,member,confirmed,singham-spine,projects.propublica.org,https://projects.propublica.org/nonprofits/organizations/371913339
190,burke,ev_fsp_caracas_2019,led,confirmed,latam-solidarity,fightbacknews.org,https://fightbacknews.org/2019/7/23/frso-sends-delegation-sao-paolo-forum
191,burke,frso,secretary,confirmed,latam-solidarity,fightbacknews.org,https://fightbacknews.org/2019/7/23/frso-sends-delegation-sao-paolo-forum
192,camacaro,afgj,media_contact,confirmed,latam-solidarity,afgj.org,https://afgj.org/communique-august-2-2024-alliance-for-global-justice-delegation-demands-respect-for-venezuelas-democracy-in-light-of-july-28-elections
193,camacaro,ev_vz_election_2024,accompanied,confirmed,latam-solidarity,afgj.org,https://afgj.org/communique-august-2-2024-alliance-for-global-justice-delegation-demands-respect-for-venezuelas-democracy-in-light-of-july-28-elections
195,cea_weaver,dsa,organizer,confirmed,rls-germany,rosalux.nyc,https://rosalux.nyc/100-days-of-mayor-mamdani-promising-progress/
196,cea_weaver,rls_nyc,collaborator,confirmed,rls-germany,rosalux.nyc,https://rosalux.nyc/100-days-of-mayor-mamdani-promising-progress/
197,chak,china,foreign_tie,inferred,singham-spine,tsinghua.academia.edu,https://tsinghua.academia.edu/TingsChak
198,chak,jef,member,inferred,singham-spine,tsinghua.academia.edu,https://tsinghua.academia.edu/TingsChak
200,chanoine,rls_nyc,officer,confirmed,rls-germany,grantmakers.io,https://www.grantmakers.io/profiles/v0/453658022-rosa-luxemburg-stiftung-inc/
201,chua,dsa,officer,confirmed,rls-germany,keywiki.org,https://keywiki.org/Heidi_Easton_Chua_Schwa
203,clarkgollub,ev_antifa_festival_2025,hosted,confirmed,latam-solidarity,venezuelasolidaritynetwork.org,https://www.venezuelasolidaritynetwork.org/01282025
204,clarkgollub,ev_vz_election_2024,accompanied,confirmed,latam-solidarity,afgj.org,https://afgj.org/communique-august-2-2024-alliance-for-global-justice-delegation-demands-respect-for-venezuelas-democracy-in-light-of-july-28-elections
205,codepink,ev_vz_election_2024,endorsed,confirmed,latam-solidarity,peoplesforum.org,https://peoplesforum.org/venezuela-elections
206,codepink,hispantv,attended_delegation,confirmed,iran-network,codepink.org,https://www.codepink.org/day_2
207,codepink,ipa,member,confirmed,latam-solidarity,en.wikipedia.org,https://en.wikipedia.org/wiki/International_Peoples%27_Assembly
208,codepink,iran_foreign_ministry,met,confirmed,iran-network,codepink.org,https://www.codepink.org/day_3
210,codepink,press_tv,attended_delegation,confirmed,iran-network,codepink.org,https://www.codepink.org/day_2
211,codepink,rub_national_network_on_cuba,member,confirmed,rubio-cuba,nnoc.org,https://nnoc.org/member-orgs/
212,codepink,samidoun,hosted,confirmed,iran-network,codepink.org,https://www.codepink.org/freedomforahmad
213,cook,psl,member,inferred,singham-spine,adl.org,https://www.adl.org/resources/backgrounder/party-socialism-and-liberation-psl
215,craig,cuba,foreign_tie,inferred,singham-spine,peoplesforum.org,https://peoplesforum.org/about/staff/
217,croce,china,foreign_tie,inferred,singham-spine,medium.com,https://medium.com/@tri_continental/for-immediate-release-contact-celina-della-croce-coordinator-celina-thetricontinental-org-5819cc980775
218,dagdelen,die_linke,former_member,confirmed,rls-germany,en.wikipedia.org,https://en.wikipedia.org/wiki/Die_Linke
219,danaher,arc_of_justice,officer,confirmed,iran-network,projects.propublica.org,https://projects.propublica.org/nonprofits/organizations/841618483
220,deborah_benjamin,arc_of_justice,related_party,confirmed,iran-network,law.justia.com,https://law.justia.com/cases/new-york/appellate-division-second-department/2016/2014-08796.html
221,delacruz,codepink,role,confirmed,rubio-cuba,en.wikipedia.org,https://en.wikipedia.org/wiki/Claudia_de_la_Cruz
222,delacruz,ev_ipa_founding_2019,attended,confirmed,latam-solidarity,foxnews.com,https://www.foxnews.com/politics/second-front-how-socialist-cell-us-mobilized-pro-maduro-foot-soldiers-within-12-hours.amp
223,delacruz,iran,foreign_tie,inferred,singham-spine,en.wikipedia.org,https://en.wikipedia.org/wiki/Claudia_De_la_Cruz
224,delacruz,pf,co_director,confirmed,latam-solidarity,influencewatch.org,https://www.influencewatch.org/non-profit/the-peoples-forum/
225,delacruz,pf,co_founder,confirmed,hatuey,projects.propublica.org,https://projects.propublica.org/nonprofits/organizations/611844780
227,delacruz,pf,role,confirmed,rubio-cuba,en.wikipedia.org,https://en.wikipedia.org/wiki/Claudia_de_la_Cruz
230,delacruz,venezuela,foreign_tie,inferred,singham-spine,peaceandfreedom.us,https://www.peaceandfreedom.us/index.php/news/elections-campaigns/claudia-de-la-cruz-karina-garcia-the-bios
231,delossantos,ev_vz_election_2024,monitored,inferred,latam-solidarity,therealnews.com,https://therealnews.com/international-election-observers-and-journalists-contest-claims-of-venezuela-election-fraud
232,delossantos,iran,foreign_tie,inferred,singham-spine,yahoo.com,https://www.yahoo.com/news/manolo-los-santos-leader-hamas-205656272.html
233,delossantos,jef,member,confirmed,singham-spine,yahoo.com,https://www.yahoo.com/news/manolo-los-santos-leader-hamas-205656272.html
234,delossantos,pf,co_director,confirmed,latam-solidarity,influencewatch.org,https://www.influencewatch.org/non-profit/the-peoples-forum/
237,delossantos,pf,role,confirmed,rubio-cuba,peoplesforum.org,https://peoplesforum.org/about/staff/
238,die_linke,pel,member,confirmed,rls-germany,en.wikipedia.org,https://en.wikipedia.org/wiki/Party_of_the_European_Left
239,die_linke,rls_berlin,affiliated,confirmed,rls-germany,en.wikipedia.org,https://en.wikipedia.org/wiki/Rosa_Luxemburg_Foundation
240,dpaul,ev_antifa_festival_2025,attended,confirmed,latam-solidarity,venezuelasolidaritynetwork.org,https://www.venezuelasolidaritynetwork.org/01282025
241,dsa,ev_vz_election_2024,endorsed,confirmed,latam-solidarity,peoplesforum.org,https://peoplesforum.org/venezuela-elections
244,dsa,pi,member,confirmed,rls-germany,progressive.international,https://progressive.international/members/
245,dsa,rub_national_network_on_cuba,member,confirmed,rubio-cuba,nnoc.org,https://nnoc.org/member-orgs/
246,dsa_fund,jacobin,joint_poll,confirmed,rls-germany,rosalux.nyc,https://rosalux.nyc/new-poll-democratic-socialism-is-now-mainstream/
247,duhalde,dsa,former_officer,confirmed,rls-germany,rosalux.nyc,https://rosalux.nyc/the-long-reroute/
248,duhalde,dsa_fund,former_chair,confirmed,rls-germany,rosalux.nyc,https://rosalux.nyc/the-long-reroute/
249,duhalde,rls_nyc,commissioned_author,confirmed,rls-germany,rosalux.nyc,https://rosalux.nyc/the-long-reroute/
250,dwilliams,rls_nyc,officer,confirmed,rls-germany,rosalux.nyc,https://rosalux.nyc/about/
251,earle,dsa,cochair,confirmed,rls-germany,ethanearle.info,https://ethanearle.info/curriculum-vitae/
252,earle,o4p,coordinates,confirmed,rls-germany,rosalux.nyc,https://rosalux.nyc/organizing-for-powers-core-fundamentals/
253,earle,pel,member,confirmed,rls-germany,ethanearle.info,https://ethanearle.info/curriculum-vitae/
254,earle,rls_nyc,officer,confirmed,rls-germany,ethanearle.info,https://ethanearle.info/curriculum-vitae/
255,ehmsen,rls_nyc,director,confirmed,rls-germany,rosalux.nyc,https://rosalux.nyc/about/
256,enkelmann,rls_berlin,chair,confirmed,rls-germany,en.wikipedia.org,https://en.wikipedia.org/wiki/Rosa_Luxemburg_Foundation
258,estrada,albamov,member,confirmed,latam-solidarity,breakthroughnews.org,https://breakthroughnews.org/2020/03/19/imf-refuses-aid-to-venezuela-in-the-midst-of-the-coronavirus-crisis/
259,estrada,ipa,secretariat,confirmed,latam-solidarity,salon.com,https://www.salon.com/writer/paola-estrada
260,evans,china,foreign_tie,inferred,singham-spine,facebook.com,https://www.facebook.com/jodie.evans.169/
261,evans,codepink,co_founder,confirmed,iran-network,projects.propublica.org,https://projects.propublica.org/nonprofits/organizations/262823386
263,evans,codepink,role,confirmed,rubio-cuba,en.wikipedia.org,https://en.wikipedia.org/wiki/Jodie_Evans
265,evans,iran,foreign_tie,inferred,iran-network|singham-spine,facebook.com,https://www.facebook.com/jodie.evans.169/
268,evans,pf,role,confirmed,rubio-cuba,en.wikipedia.org,https://en.wikipedia.org/wiki/Jodie_Evans
269,evans,psf,officer,confirmed,iran-network,projects.propublica.org,https://projects.propublica.org/nonprofits/organizations/821202926
270,evans,singham,related_party,confirmed,iran-network,banks.senate.gov,https://www.banks.senate.gov/news/press-releases/senator-jim-banks-to-attorney-general-bondi-i-urge-you-to-investigate-code-pink-for-potential-violations-of-fara/
272,friendsatc,afgj,project_of,confirmed,latam-solidarity,afgj.org,https://afgj.org/friends-of-the-atc-delegation-announcement
274,frso,ev_fsp_caracas_2019,attended,confirmed,latam-solidarity,fightbacknews.org,https://fightbacknews.org/2019/7/23/frso-sends-delegation-sao-paolo-forum
275,fsln,rubio_report,cited_designation,inferred,rubio-cuba,state.gov,https://www.state.gov/cuba-the-capital-of-21st-century-communism
277,garcia,china,foreign_tie,inferred,singham-spine,btcpolicy.org,https://www.btcpolicy.org/articles/foreign-influence-campaign-against-american-ai-part-ii-singham-ground-game
278,garcia,psl,vp_candidate,confirmed,hatuey,ballotpedia.org,https://ballotpedia.org/Karina_Garcia
279,german_gov,fes,funds,confirmed,rls-germany,en.wikipedia.org,https://en.wikipedia.org/wiki/Political_foundation_in_Germany
280,german_gov,fns,funds,confirmed,rls-germany,en.wikipedia.org,https://en.wikipedia.org/wiki/Political_foundation_in_Germany
281,german_gov,hbs,funds,confirmed,rls-germany,en.wikipedia.org,https://en.wikipedia.org/wiki/Political_foundation_in_Germany
282,german_gov,hss,funds,confirmed,rls-germany,en.wikipedia.org,https://en.wikipedia.org/wiki/Political_foundation_in_Germany
283,german_gov,kas,funds,confirmed,rls-germany,en.wikipedia.org,https://en.wikipedia.org/wiki/Political_foundation_in_Germany
285,ghost_officers,arc_of_justice,officer,confirmed,iran-network,projects.propublica.org,https://projects.propublica.org/nonprofits/organizations/841618483
286,global_exchange,arc_of_justice,related_org,confirmed,iran-network,projects.propublica.org,https://projects.propublica.org/nonprofits/organizations/943066686
287,goodwin,china,foreign_tie,inferred,singham-spine,news.mit.edu,https://news.mit.edu/2014/nine-mit-students-and-alumni-win-fulbright-grants
288,grenyion,china,foreign_tie,inferred,singham-spine,web.archive.org,https://web.archive.org/web/20230808055155/https://www.oneloveunionjodieandroy.com/
289,gunther,die_linke,member,confirmed,rls-germany,en.wikipedia.org,https://en.wikipedia.org/wiki/Die_Linke
290,gunther,rls_nyc,director,confirmed,rls-germany,rosalux.nyc,https://rosalux.nyc/about/
291,hamby,pf,officer,inferred,singham-spine,peoplesforum.org,https://peoplesforum.org/about/staff/
292,harris,ev_antifa_festival_2025,attended,confirmed,latam-solidarity,venezuelasolidaritynetwork.org,https://www.venezuelasolidaritynetwork.org/01282025
294,harris,tfa,board_member,confirmed,latam-solidarity,taskforceamericas.org,https://taskforceamericas.org/staff/roger-harris/
295,harris,uspc,member,confirmed,latam-solidarity,icssmarx.org,https://icssmarx.org/venezuela-election-eye-witness-report-roger-d-harris-august-25-2024-1030-am-pacific-time/
296,harris,vsn,founding_member,confirmed,latam-solidarity,icssmarx.org,https://icssmarx.org/venezuela-election-eye-witness-report-roger-d-harris-august-25-2024-1030-am-pacific-time/
297,hatuey,icap,press_channel,confirmed,hatuey,hatueyproject.org,https://www.hatueyproject.org/news/hatuey-project-press-conference-in-cuba/
299,hatuey,rhc,covered_by,confirmed,hatuey,radiohc.cu,https://www.radiohc.cu/en/the-hatuey-project-of-the-united-states-reaffirms-its-solidarity-with-cuba/
300,henderson,china,foreign_tie,inferred,singham-spine,newlinesmag.com,https://newlinesmag.com/reportage/the-big-business-of-uyghur-genocide-denial/
301,hoyt,afgj,board_member,confirmed,latam-solidarity,afgj.org,https://afgj.org/about/board-of-directors
302,hrizi,china,foreign_tie,inferred,singham-spine,ussearch.com,https://www.ussearch.com/people-search/nathalie-hrizi/
303,hrizi,cuba,foreign_tie,inferred,singham-spine,ussearch.com,https://www.ussearch.com/people-search/nathalie-hrizi/
305,hu,china,foreign_tie,inferred,singham-spine,linkedin.com,https://www.linkedin.com/in/rachel-hu-5b707a22a/
306,hu,russia,foreign_tie,inferred,singham-spine,linkedin.com,https://www.linkedin.com/in/rachel-hu-5b707a22a/
307,hub_assata_shakur,p_assata_s_daughters,cited_context,inferred,rubio-cuba,en.wikipedia.org,https://en.wikipedia.org/wiki/Assata_Shakur
308,hub_assata_shakur,rub_black_liberation_army,role,inferred,rubio-cuba,en.wikipedia.org,https://en.wikipedia.org/wiki/Assata_Shakur
310,ipa,ev_antifa_festival_2025,organized,inferred,latam-solidarity,peoplesdispatch.org,https://peoplesdispatch.org/2025/01/09/venezuelan-vice-president-denounces-neo-fascist-right-wing-and-guarantees-maduros-inauguration-here-we-are-and-here-we-will-remain/
311,ipa,ev_ipa_founding_2019,founded_at,confirmed,latam-solidarity,breakthroughnews.org,https://breakthroughnews.org/2019/07/20/the-year-in-review-a-look-at-our-coverage/
312,irgens_moller,arc_of_justice,officer,confirmed,iran-network,projects.propublica.org,https://projects.propublica.org/nonprofits/organizations/841618483
313,irgens_moller,global_exchange,co_founder,confirmed,iran-network,projects.propublica.org,https://projects.propublica.org/nonprofits/organizations/943066686
314,jacobin,rubio_report,cited_context,inferred,rubio-cuba,state.gov,https://www.state.gov/cuba-the-capital-of-21st-century-communism
315,janequine,jef,member,confirmed,singham-spine,projects.propublica.org,https://projects.propublica.org/nonprofits/organizations/824975378
316,jef,afgj,grant,confirmed,iran-network,projects.propublica.org,https://projects.propublica.org/nonprofits/organizations/824975378
317,jef,codepink,grant,confirmed,iran-network,projects.propublica.org,https://projects.propublica.org/nonprofits/organizations/824975378
318,jef,pf,funds,confirmed,singham-spine,waysandmeans.house.gov,https://waysandmeans.house.gov/2025/09/04/chairman-smith-exposes-u-s-nonprofit-as-likely-ccp-funded-propaganda-arm-operating-under-tax-exempt-status/
319,jef,tricontinental,funds,inferred,singham-spine,waysandmeans.house.gov,https://waysandmeans.house.gov/2025/09/04/chairman-smith-exposes-u-s-nonprofit-as-likely-ccp-funded-propaganda-arm-operating-under-tax-exempt-status/
320,jonathan_raggett,arc_of_justice,officer,confirmed,iran-network,projects.propublica.org,https://projects.propublica.org/nonprofits/organizations/841618483
321,jordan,afgj,president,confirmed,latam-solidarity,afgj.org,https://afgj.org/category/james-jordan
322,jvp,iran,foreign_tie,inferred,iran-network,adl.org,https://www.adl.org/resources/backgrounder/jewish-voice-peace-jvp
323,kaufman,afgj,founder,confirmed,latam-solidarity,afgj.org,https://afgj.org/chuck-kaufman-presente
325,kaufman,nicanet,leads,confirmed,latam-solidarity,afgj.org,https://afgj.org/chuck-kaufman-presente
326,kaufman,ortega,defends,confirmed,latam-solidarity,afgj.org,https://afgj.org/the-case-against-daniel-ortega
327,kaufman,vsn,coordinates,confirmed,latam-solidarity,capitalresearch.org,https://capitalresearch.org/article/communists-funding-the-resistance-the-alliance-for-global-justice/
328,kleiner,china,foreign_tie,inferred,singham-spine,influencewatch.org,https://www.influencewatch.org/non-profit/united-community-fund/
330,kovalik,afgj,affiliated,inferred,latam-solidarity,answercoalition.org,https://www.answercoalition.org/afgj_s_chuck_kaufman_takes_on_imperialist_myths_in
331,krouth,pwa,member,confirmed,singham-spine,projects.propublica.org,https://projects.propublica.org/nonprofits/organizations/834705654
332,kuang,dsa,member,confirmed,latam-solidarity,persuasion.community,https://www.persuasion.community/p/the-democratic-socialists-of-america
333,kuang,ev_vz_election_2024,claimed_accredited,inferred,latam-solidarity,persuasion.community,https://www.persuasion.community/p/the-democratic-socialists-of-america
334,lariva,answer,member,confirmed,hatuey,globalsecurity.org,https://www.globalsecurity.org/military/world/usa/government/political-parties-psl.htm
335,lariva,hatuey,coordinator,confirmed,hatuey,hatueyproject.org,https://www.hatueyproject.org/
336,lariva,hub_andira_alves,associate,inferred,afgj-interlock,hatueyproject.org,https://www.hatueyproject.org/
337,lariva,hub_leni_villag_mez_reeves,associate,inferred,afgj-interlock,hatueyproject.org,https://www.hatueyproject.org/
338,lariva,hub_will_kohr,associate,inferred,afgj-interlock,hatueyproject.org,https://www.hatueyproject.org/
339,lariva,ma,associate,inferred,afgj-interlock,hatueyproject.org,https://www.hatueyproject.org/
340,lariva,marsh,associate,inferred,afgj-interlock,hatueyproject.org,https://www.hatueyproject.org/
342,lariva,russia,foreign_tie,inferred,singham-spine,en.wikipedia.org,https://en.wikipedia.org/wiki/Gloria_La_Riva
343,lariva,venezuela,foreign_tie,inferred,singham-spine,en.wikipedia.org,https://en.wikipedia.org/wiki/Gloria_La_Riva
344,lariva,viq,associate,inferred,afgj-interlock,hatueyproject.org,https://www.hatueyproject.org/
345,leila_zand,codepink,affiliation,confirmed,iran-network,codepink.org,https://www.codepink.org/leila_zand
346,leila_zand,iran,foreign_tie,confirmed,iran-network,codepink.org,https://www.codepink.org/leila_zand
347,leila_zand,iran_foreign_ministry,met,inferred,iran-network,codepinkdc.blogspot.com,http://codepinkdc.blogspot.com/2008/11/medeas-blog-day-1-iran-citizen.html
348,liebich,die_linke,member,confirmed,rls-germany,en.wikipedia.org,https://en.wikipedia.org/wiki/Stefan_Liebich
350,luvela,ucf,member,confirmed,singham-spine,projects.propublica.org,https://projects.propublica.org/nonprofits/organizations/371913339
351,ma,hatuey,co_signatory,confirmed,hatuey,hatueyproject.org,https://www.hatueyproject.org/
352,ma,hub_andira_alves,associate,inferred,afgj-interlock,hatueyproject.org,https://www.hatueyproject.org/
353,ma,hub_leni_villag_mez_reeves,associate,inferred,afgj-interlock,hatueyproject.org,https://www.hatueyproject.org/
354,ma,hub_will_kohr,associate,inferred,afgj-interlock,hatueyproject.org,https://www.hatueyproject.org/
355,ma,marsh,associate,inferred,afgj-interlock,hatueyproject.org,https://www.hatueyproject.org/
356,ma,viq,associate,inferred,afgj-interlock,hatueyproject.org,https://www.hatueyproject.org/
357,maduro,ev_antifa_festival_2025,patron,confirmed,latam-solidarity,orinocotribune.com,https://orinocotribune.com/international-anti-fascist-festival-in-venezuela-ends-with-resolution-on-global-fight-against-fascism/
358,maduro,ev_caracas_antifa_2024,led,confirmed,latam-solidarity,internacionalantifascista.org,https://www.internacionalantifascista.org/antifascist-statement-of-caracas/
359,maduro,ev_fsp_caracas_2019,addressed,confirmed,latam-solidarity,fightbacknews.org,https://fightbacknews.org/articles/venezuela-s-president-maduro-speaks-25th-sao-paulo-forum
360,maduro,ev_ipa_founding_2019,patron,confirmed,latam-solidarity,influencewatch.org,https://www.influencewatch.org/organization/international-peoples-assembly-ipa/
361,maduro,ev_maduro_inaug_2025,inaugurated,confirmed,latam-solidarity,en.wikipedia.org,https://en.wikipedia.org/wiki/Third_inauguration_of_Nicol%C3%A1s_Maduro
362,marsh,answer,member,confirmed,hatuey,hatueyproject.org,https://www.hatueyproject.org/news/activists-land-in-cuba-with-emergency-medicine-delivery/
363,marsh,hatuey,co_signatory,confirmed,hatuey,hatueyproject.org,https://www.hatueyproject.org/
364,maura,podemos,member,confirmed,rls-germany,en.wikipedia.org,https://en.wikipedia.org/wiki/Podemos_(Spanish_political_party)
365,mcalevey,o4p,designed_curriculum,confirmed,rls-germany,rosalux.de,https://www.rosalux.de/en/o4p
366,mccarthy,singham,network,inferred,singham-spine,linkedin.com,https://www.linkedin.com/in/bobbette-mccarthy-0b8a54a8/
367,mfernandez,rls_nyc,officer,confirmed,rls-germany,rosalux.nyc,https://rosalux.nyc/cuba-is-being-strangled/
368,new_horizon,irgc,designated,confirmed,iran-network,home.treasury.gov,https://home.treasury.gov/news/press-releases/sm611
369,niac,iran,foreign_tie,confirmed,iran-network,cotton.senate.gov,https://www.cotton.senate.gov/news/press-releases/cotton-braun-and-cruz-urge-doj-investigation-of-niac
370,niac,ncri_report,cited_by_ncri,inferred,iran-network,networkcontagion.us,https://networkcontagion.us/reports/following-the-benjamins-how-a-48-million-foundation-operated-an-iran-aligned-influence-network-outside-state-oversight-in-florida/
371,niac,zarif,hosted,inferred,iran-network,cotton.senate.gov,https://www.cotton.senate.gov/news/press-releases/cotton-braun-and-cruz-urge-doj-investigation-of-niac
372,nicanet,ev_nica_delegation_2021,organized,confirmed,latam-solidarity,afgj.org,https://afgj.org/statement-of-the-international-delegation-to-nicaragua-july-18-25-2021
373,nlg,ev_vz_election_2024,observed,confirmed,latam-solidarity,nlginternational.org,https://nlginternational.org/2024/07/national-lawyers-guild-report-election-monitoring-delegation-to-the-bolivarian-republic-of-venezuela/
374,nlg,rub_national_network_on_cuba,member,confirmed,rubio-cuba,nnoc.org,https://nnoc.org/member-orgs/
375,nmeyer,dsa,member,confirmed,rls-germany,keywiki.org,https://keywiki.org/Neal_Meyer
376,nmeyer,rls_nyc,officer,confirmed,rls-germany,keywiki.org,https://keywiki.org/Neal_Meyer
377,nunez,dsa,member,confirmed,latam-solidarity,afgj.org,https://afgj.org/communique-august-2-2024-alliance-for-global-justice-delegation-demands-respect-for-venezuelas-democracy-in-light-of-july-28-elections
378,nunez,ev_vz_election_2024,accompanied,confirmed,latam-solidarity,afgj.org,https://afgj.org/communique-august-2-2024-alliance-for-global-justice-delegation-demands-respect-for-venezuelas-democracy-in-light-of-july-28-elections
379,nunez,vsn,member,confirmed,latam-solidarity,afgj.org,https://afgj.org/communique-august-2-2024-alliance-for-global-justice-delegation-demands-respect-for-venezuelas-democracy-in-light-of-july-28-elections
380,ortega,ev_maduro_inaug_2025,attended,confirmed,latam-solidarity,pbs.org,https://www.pbs.org/newshour/world/nicolas-maduro-sworn-in-for-third-term-as-venezuelan-president-despite-evidence-of-election-loss
381,ortega,ev_nica_election_2021,reelected,confirmed,latam-solidarity,cnn.com,https://www.cnn.com/2021/11/07/americas/nicaragua-election-nov-7-intl-latam/index.html
382,ortega,fsln,leads,confirmed,latam-solidarity,en.wikipedia.org,https://en.wikipedia.org/wiki/Daniel_Ortega
383,p_assata_s_daughters,rub_national_network_on_cuba,member,inferred,rubio-cuba,nnoc.org,https://nnoc.org/member-orgs/
384,per_abraham_hassen,p_black_movement_law_project,role,confirmed,afgj-interlock,dickinsonlaw.psu.edu,https://dickinsonlaw.psu.edu/abi-hassen
385,per_allen_kwabena_frimpong,hub_movement_netlab,associate,inferred,afgj-interlock,commonslibrary.org,https://commonslibrary.org/the-movement-compass-and-worksheet/
386,per_allen_kwabena_frimpong,p_adastra,role,confirmed,afgj-interlock,commonslibrary.org,https://commonslibrary.org/the-movement-compass-and-worksheet/
387,per_allen_kwabena_frimpong,p_movement_net_lab,role,confirmed,afgj-interlock,commonslibrary.org,https://commonslibrary.org/the-movement-compass-and-worksheet/
388,per_alyssa_rubin,hub_ifnotnow,associate,inferred,afgj-interlock,commondreams.org,https://www.commondreams.org/news/2020/03/24/because-anne-frank-did-not-die-gas-chamber-jewish-activists-cite-disease-nazi-death
389,per_alyssa_rubin,p_never_again_action,role,confirmed,afgj-interlock,commondreams.org,https://www.commondreams.org/news/2020/03/24/because-anne-frank-did-not-die-gas-chamber-jewish-activists-cite-disease-nazi-death
390,per_andrea_ciannavei,hub_occupy_sandy,associate,inferred,afgj-interlock,bustle.com,https://www.bustle.com/p/what-is-the-march-for-racial-justice-its-mission-is-worthy-of-your-attention-2454473
391,per_andrea_ciannavei,p_interoccupy,role,confirmed,afgj-interlock,bustle.com,https://www.bustle.com/p/what-is-the-march-for-racial-justice-its-mission-is-worthy-of-your-attention-2454473
392,per_andrea_ciannavei,p_march_4_racial_justice,role,confirmed,afgj-interlock,bustle.com,https://www.bustle.com/p/what-is-the-march-for-racial-justice-its-mission-is-worthy-of-your-attention-2454473
393,per_antonio_gutierrez,hub_autonomous_tenants_union,associate,inferred,afgj-interlock,influencewatch.org,https://www.influencewatch.org/organization/chicago-housing-justice-league-chjl/
394,per_antonio_gutierrez,p_chicago_housing_justice_league,role,confirmed,afgj-interlock,influencewatch.org,https://www.influencewatch.org/organization/chicago-housing-justice-league-chjl/
395,per_aquib_s_yacoob,hub_women_s_march,associate,inferred,afgj-interlock,brownmanrunning.com,https://www.brownmanrunning.com/
396,per_aquib_s_yacoob,p_adastra,role,confirmed,afgj-interlock,brownmanrunning.com,https://www.brownmanrunning.com/
397,per_banbose_shango,p_nappy_roots_books,role,confirmed,afgj-interlock,okgazette.com,https://www.okgazette.com/arts-culture/strong-spines-3804530
398,per_bella_de_soto,p_change_links_newspaper,role,confirmed,afgj-interlock,change-links.org,https://change-links.org/vote-for-pacifica-mission-coalition-candidates-at-kpfk/
400,per_carl_dix,p_refuse_fascism,role,confirmed,afgj-interlock,revcom.us,https://revcom.us/en/quick/472en.php
401,per_carl_dix,per_cornel_west,associate,inferred,afgj-interlock,revcom.us,https://revcom.us/movement-for-revolution/stop-mass-incarceration/stop-mass-incarceration-carl-dix.html
402,per_carl_dix,p_stop_mass_incarceration_network,role,confirmed,afgj-interlock,revcom.us,https://revcom.us/movement-for-revolution/stop-mass-incarceration/stop-mass-incarceration-carl-dix.html
403,per_cheri_honkala,per_cornel_west,associate,inferred,afgj-interlock,economichumanrights.org,https://www.economichumanrights.org/speaking-engagements/
404,per_cheri_honkala,hub_green_party,associate,inferred,afgj-interlock,economichumanrights.org,https://www.economichumanrights.org/speaking-engagements/
405,per_cheri_honkala,p_poor_people_s_economic_human_rights_ca,role,confirmed,afgj-interlock,economichumanrights.org,https://www.economichumanrights.org/speaking-engagements/
406,per_cindy_sheehan,hub_hugo_chavez,associate,inferred,afgj-interlock,findingaids.library.nyu.edu,https://findingaids.library.nyu.edu/tamwag/tam_715/
407,per_cindy_sheehan,hub_military_families_speak_out,associate,inferred,afgj-interlock,findingaids.library.nyu.edu,https://findingaids.library.nyu.edu/tamwag/tam_715/
408,per_cindy_sheehan,p_cindy_sheehan_s_soapbox,role,confirmed,afgj-interlock,findingaids.library.nyu.edu,https://findingaids.library.nyu.edu/tamwag/tam_715/
409,per_cornel_west,p_refuse_fascism,role,confirmed,afgj-interlock,refusefascism.org,https://refusefascism.org/about-refuse-fascism/
410,per_cornel_west,p_stop_mass_incarceration_network,role,confirmed,afgj-interlock,discoverthenetworks.org,https://www.discoverthenetworks.org/organizations/stop-mass-incarceration-network-smin
411,per_cory_jong,p_youth_vs_apocalypse,role,confirmed,afgj-interlock,youthvsapocalypse.org,https://www.youthvsapocalypse.org/our-board
412,per_dakotah_lilly,hub_hugo_chavez,associate,inferred,afgj-interlock,cindysheehanssoapbox.blogspot.com,https://cindysheehanssoapbox.blogspot.com/2018/02/?m=0
413,per_dakotah_lilly,p_cindy_sheehan_s_soapbox,role,confirmed,afgj-interlock,cindysheehanssoapbox.blogspot.com,https://cindysheehanssoapbox.blogspot.com/2018/02/?m=0
414,per_david_foecke,p_youth_vs_apocalypse,role,confirmed,afgj-interlock,youthvsapocalypse.org,https://www.youthvsapocalypse.org/our-board
415,per_debra_sweet,p_cindy_sheehan_s_soapbox,associate,inferred,afgj-interlock,worldcantwait.org,https://worldcantwait.org/2006/09/05/september-7th-guest-speaker-list/
416,per_debra_sweet,p_world_can_t_wait,role,confirmed,afgj-interlock,worldcantwait.org,https://worldcantwait.org/2006/09/05/september-7th-guest-speaker-list/
417,per_devin_michael_lowe,p_black_trans_travel_fund,role,confirmed,afgj-interlock,blacktranstravelfund.com,https://www.blacktranstravelfund.com/our-team.html
418,per_diane_limas,hub_communities_united,associate,inferred,afgj-interlock,influencewatch.org,https://www.influencewatch.org/organization/chicago-housing-justice-league-chjl/
419,per_diane_limas,hub_lawyers_better_housing,network,inferred,afgj-interlock,influencewatch.org,https://www.influencewatch.org/organization/chicago-housing-justice-league-chjl/
420,per_diane_limas,p_chicago_housing_justice_league,role,confirmed,afgj-interlock,influencewatch.org,https://www.influencewatch.org/organization/chicago-housing-justice-league-chjl/
421,per_dr_patrisia_gonzales,p_alianza_ind_gena_sin_fronteras_indigen,role,confirmed,afgj-interlock,haury.arizona.edu,https://haury.arizona.edu/person/patrisia-gonzales
422,per_elaine_brower,hub_military_families_speak_out,associate,inferred,afgj-interlock,veteransforpeace.org,https://www.veteransforpeace.org/files/6313/4091/4233/newsletter_summer2012.pdf
423,per_elaine_brower,p_sustainable_orphanages_for_haitian_you,role,confirmed,afgj-interlock,veteransforpeace.org,https://www.veteransforpeace.org/files/6313/4091/4233/newsletter_summer2012.pdf
424,per_elaine_brower,p_world_can_t_wait,associate,inferred,afgj-interlock,veteransforpeace.org,https://www.veteransforpeace.org/files/6313/4091/4233/newsletter_summer2012.pdf
425,per_elisabeth_epps,p_colorado_freedom_fund,role,confirmed,afgj-interlock,elisabethepps.com,https://www.elisabethepps.com/meet-elisabeth
426,per_erika_takeo,p_friends_of_asociaci_n_de_trabajadores_,role,confirmed,afgj-interlock,orinocotribune.com,https://orinocotribune.com/nicaragua-is-teaching-us-how-to-put-people-over-profits/
427,per_evana,p_taking_black_pride,role,confirmed,afgj-interlock,queertheland.org,https://queertheland.org/team/
428,per_firas_nasr,hub_women_s_march,associate,inferred,afgj-interlock,sites.middlebury.edu,https://sites.middlebury.edu/middblogs/2019/09/26/sign-up-for-one-on-one-chats-with-alumni-at-the-global-health-field-guide/
429,per_firas_nasr,p_werk_for_peace,role,confirmed,afgj-interlock,sites.middlebury.edu,https://sites.middlebury.edu/middblogs/2019/09/26/sign-up-for-one-on-one-chats-with-alumni-at-the-global-health-field-guide/
430,per_frank_avellone,hub_communities_united,associate,inferred,afgj-interlock,lcbh.org,https://lcbh.org/lcbh-helps-save-the-kcro/
431,per_frank_avellone,p_chicago_housing_justice_league,role,confirmed,afgj-interlock,lcbh.org,https://lcbh.org/lcbh-helps-save-the-kcro/
432,per_gabrielle_lenart,p_queer_food_foundation,role,confirmed,afgj-interlock,specialtyfood.com,https://www.specialtyfood.com/news-media/news-features/specialty-food-news/q-a-with-queer-food-foundation-s-lenart/
433,per_gary_ghirardi,hub_opposed_to_militarism_draft,associate,inferred,afgj-interlock,prcsd.org,https://www.prcsd.org/who-we-are/
434,per_gary_ghirardi,p_national_network_opposing_the_militari,role,confirmed,afgj-interlock,prcsd.org,https://www.prcsd.org/who-we-are/
435,per_gila_svirsky,hub_women_in_black,associate,inferred,afgj-interlock,afsc.org,https://afsc.org/sites/default/files/documents/Profiles%20of%20Peace%20Low%20Resolution.pdf
436,per_gila_svirsky,p_coalition_of_women_for_peace,role,confirmed,afgj-interlock,afsc.org,https://afsc.org/sites/default/files/documents/Profiles%20of%20Peace%20Low%20Resolution.pdf
437,per_hannah_safran,hub_women_in_black,associate,inferred,afgj-interlock,bates.edu,https://www.bates.edu/news/2004/10/06/feminist-peace-activists-working-in-israel-offer-a-pair-of-lectures/
438,per_hannah_safran,p_coalition_of_women_for_peace,role,confirmed,afgj-interlock,bates.edu,https://www.bates.edu/news/2004/10/06/feminist-peace-activists-working-in-israel-offer-a-pair-of-lectures/
439,per_joan_donovan,hub_occupy_wall_street,associate,inferred,afgj-interlock,influencewatch.org,https://www.influencewatch.org/organization/interoccupy/
440,per_joan_donovan,p_interoccupy,role,confirmed,afgj-interlock,influencewatch.org,https://www.influencewatch.org/organization/interoccupy/
441,per_johnnie_jae,p_march_4_racial_justice,role,confirmed,afgj-interlock,johnniejae.com,https://johnniejae.com/?p=21999
442,per_kevin_zeese,hub_green_shadow_cabinet,associate,inferred,afgj-interlock,en.wikipedia.org,https://en.wikipedia.org/wiki/Kevin_Zeese
443,per_kevin_zeese,p_kevin_zeese_emerging_activists_fund,role,confirmed,afgj-interlock,en.wikipedia.org,https://en.wikipedia.org/wiki/Kevin_Zeese
444,per_kevin_zeese,p_popular_resistance,role,confirmed,afgj-interlock,en.wikipedia.org,https://en.wikipedia.org/wiki/Kevin_Zeese
445,per_khafre_jay,hub_dead_prez,associate,inferred,afgj-interlock,youthvsapocalypse.org,https://www.youthvsapocalypse.org/our-board
446,per_khafre_jay,hub_talib_kweli,associate,inferred,afgj-interlock,youthvsapocalypse.org,https://www.youthvsapocalypse.org/our-board
447,per_khafre_jay,p_youth_vs_apocalypse,role,confirmed,afgj-interlock,youthvsapocalypse.org,https://www.youthvsapocalypse.org/our-board
448,per_kristen_godfrey,p_thompson_house_tucson,role,confirmed,afgj-interlock,tempestmag.org,https://tempestmag.org/2022/05/responding-to-the-backlash-2/
449,per_kristen_hackett,p_justice_for_all_coalition,role,confirmed,afgj-interlock,centerforthehumanities.org,https://centerforthehumanities.org/person/kristen-hackett/
450,per_lourdes_escalante,p_alianza_ind_gena_sin_fronteras_indigen,role,confirmed,afgj-interlock,kxci.org,https://kxci.org/podcast/ep-30-centering-indigenous-relationships/
451,per_lourdez,p_taking_black_pride,role,confirmed,afgj-interlock,artisttrust.org,https://artisttrust.org/artists/lourdez-velasco/
452,per_lourdez,p_trans_women_of_color_solidarity_networ,role,confirmed,afgj-interlock,artisttrust.org,https://artisttrust.org/artists/lourdez-velasco/
453,per_makayla_heiser,p_united_students_against_sweatshops,role,confirmed,afgj-interlock,influencewatch.org,https://www.influencewatch.org/organization/united-states-against-sweatshops/
454,per_margaret_flowers,hub_green_party,associate,inferred,afgj-interlock,gp.org,https://www.gp.org/2018_sc_elections
455,per_margaret_flowers,hub_green_shadow_cabinet,associate,inferred,afgj-interlock,gp.org,https://www.gp.org/2018_sc_elections
456,per_margaret_flowers,p_kevin_zeese_emerging_activists_fund,role,confirmed,afgj-interlock,gp.org,https://www.gp.org/2018_sc_elections
457,per_margaret_flowers,p_popular_resistance,role,confirmed,afgj-interlock,gp.org,https://www.gp.org/2018_sc_elections
458,per_mark_swartz,hub_lawyers_better_housing,associate,inferred,afgj-interlock,influencewatch.org,https://www.influencewatch.org/organization/chicago-housing-justice-league-chjl/
459,per_mark_swartz,p_chicago_housing_justice_league,role,confirmed,afgj-interlock,influencewatch.org,https://www.influencewatch.org/organization/chicago-housing-justice-league-chjl/
460,per_marlen_s_nchez,p_instituto_agroecol_gico_latinoamerican,role,confirmed,afgj-interlock,food.berkeley.edu,https://food.berkeley.edu/from-the-field/berkeley-undergraduates-host-food-sovereignty-leaders-from-nicaragua/
461,per_mattie,p_taking_black_pride,role,confirmed,afgj-interlock,sgn.org,https://www.sgn.org/story/320893
462,per_mattie,p_trans_women_of_color_solidarity_networ,role,confirmed,afgj-interlock,sgn.org,https://www.sgn.org/story/320893
463,per_maurice_cook,p_march_4_racial_justice,role,confirmed,afgj-interlock,sputnikglobe.com,https://sputnikglobe.com/20200627/huge-covid-spikes-in-us-as-trump-tries-to-cut-health-care-for-millions-1079731935.html
464,per_mavis_jay_sanders,p_queer_food_foundation,role,confirmed,afgj-interlock,queerfoodfoundation.org,https://www.queerfoodfoundation.org/leadership/
465,per_mcahl_sheffield,p_chicago_housing_initiative,role,confirmed,afgj-interlock,chicagohousinginitiative.org,https://www.chicagohousinginitiative.org/staff
466,per_meghan_maurus,p_just_info,role,confirmed,afgj-interlock,nacle.com,https://www.nacle.com/CLE/Courses/Protest-Lawyering-Theory-and-Practice-460
467,per_melina_abdullah,p_los_angeles_community_action_network,role,confirmed,afgj-interlock,calstatela.edu,https://www.calstatela.edu/academic/pas/Abdullah.php
468,per_melissa_barber_md,hub_mott_haven_port_morris_community_land_st,associate,inferred,afgj-interlock,southbronxunite.org,https://www.southbronxunite.org/our-board?locale=es
469,per_melissa_barber_md,p_south_bronx_unite,role,confirmed,afgj-interlock,southbronxunite.org,https://www.southbronxunite.org/our-board?locale=es
470,per_michael_cox,hub_massachusetts_bail,associate,inferred,afgj-interlock,worldpeacefoundation.org,https://worldpeacefoundation.org/blog/interview-with-michael-cox-solidarity-is-the-bedrock-of-advancing-lgbtq-rights-in-prison/
471,per_michael_cox,p_black_and_pink_ma,role,confirmed,afgj-interlock,worldpeacefoundation.org,https://worldpeacefoundation.org/blog/interview-with-michael-cox-solidarity-is-the-bedrock-of-advancing-lgbtq-rights-in-prison/
472,per_michael_novick,hub_ifnotnow,associate,inferred,afgj-interlock,laprogressive.com,https://www.laprogressive.com/author/mnovick
473,per_michael_novick,p_change_links_newspaper,role,confirmed,afgj-interlock,laprogressive.com,https://www.laprogressive.com/author/mnovick
474,per_mirely_baca,per_t_loving,associate,inferred,afgj-interlock|_mined,tucsonspotlight.org,https://www.tucsonspotlight.org/collective-builds-community/
475,per_mirely_baca,per_vik_velazquez_morales,associate,inferred,afgj-interlock|_mined,tucsonspotlight.org,https://www.tucsonspotlight.org/collective-builds-community/
476,per_mirely_baca,p_kindred_connections,role,confirmed,afgj-interlock,tucsonspotlight.org,https://www.tucsonspotlight.org/collective-builds-community/
477,per_mohyeddin_abdulaziz,p_arizona_palestine_solidarity_alliance,role,confirmed,afgj-interlock,azpalnetwork.com,https://azpalnetwork.com/our-team
478,per_moira_meltzer_cohen,p_just_info,role,confirmed,afgj-interlock,lpr.com,https://lpr.com/lpr_artists/moira-meltzer-cohen/
479,per_monxo_lopez,hub_mott_haven_port_morris_community_land_st,associate,inferred,afgj-interlock,southbronxunite.org,https://www.southbronxunite.org/our-board
480,per_monxo_lopez,p_south_bronx_unite,role,confirmed,afgj-interlock,southbronxunite.org,https://www.southbronxunite.org/our-board
481,per_mychal_johnson,hub_mott_haven_port_morris_community_land_st,associate,inferred,afgj-interlock,southbronxunite.org,https://www.southbronxunite.org/our-board
482,per_mychal_johnson,p_south_bronx_unite,role,confirmed,afgj-interlock,southbronxunite.org,https://www.southbronxunite.org/our-board
483,per_nate_kleinman,hub_occupy_sandy,associate,inferred,afgj-interlock,nateforcongress.com,https://www.nateforcongress.com/about-nate-kleinman
484,per_nate_kleinman,hub_occupy_wall_street,associate,inferred,afgj-interlock,nateforcongress.com,https://www.nateforcongress.com/about-nate-kleinman
485,per_nate_kleinman,p_interoccupy,role,confirmed,afgj-interlock,nateforcongress.com,https://www.nateforcongress.com/about-nate-kleinman
486,per_nathan_sheard,p_black_movement_law_project,role,confirmed,afgj-interlock,ferguson-legal-47f1.squarespace.com,https://ferguson-legal-47f1.squarespace.com/new-gallery
487,per_nathan_sheard,p_just_info,associate,inferred,afgj-interlock,ferguson-legal-47f1.squarespace.com,https://ferguson-legal-47f1.squarespace.com/new-gallery
488,per_oren_robinson,hub_opposed_to_militarism_draft,associate,inferred,afgj-interlock,nnomy.org,https://www.nnomy.org/about-us/steering-committee
489,per_oren_robinson,p_national_network_opposing_the_militari,role,confirmed,afgj-interlock,nnomy.org,https://www.nnomy.org/about-us/steering-committee
490,per_pablo_benson_silva,hub_occupy_sandy,associate,inferred,afgj-interlock,influencewatch.org,https://www.influencewatch.org/non-profit/movement-netlab/
491,per_pablo_benson_silva,hub_occupy_wall_street,associate,inferred,afgj-interlock,influencewatch.org,https://www.influencewatch.org/non-profit/movement-netlab/
492,per_pablo_benson_silva,p_movement_net_lab,role,confirmed,afgj-interlock,influencewatch.org,https://www.influencewatch.org/non-profit/movement-netlab/
493,per_page_may,hub_assata_shakur,associate,inferred,afgj-interlock,citybureau.org,https://www.citybureau.org/stories/2018/3/1/who-are-assatas-daughters-a-qa-with-founder-page-may
494,per_page_may,p_assata_s_daughters,role,confirmed,afgj-interlock,citybureau.org,https://www.citybureau.org/stories/2018/3/1/who-are-assatas-daughters-a-qa-with-founder-page-may
495,per_pat_alviso,p_national_network_opposing_the_militari,role,confirmed,afgj-interlock,nnomy.org,https://www.nnomy.org/about-us/steering-committee
496,per_rachel_o_leary_carmona,hub_movement_netlab,associate,inferred,afgj-interlock,adastra.management,https://adastra.management/team
497,per_rachel_o_leary_carmona,hub_women_s_march,associate,inferred,afgj-interlock,adastra.management,https://adastra.management/team
498,per_rachel_o_leary_carmona,p_adastra,role,confirmed,afgj-interlock,adastra.management,https://adastra.management/team
499,per_rachel_wilson,p_chicago_housing_justice_league,role,confirmed,afgj-interlock,influencewatch.org,https://www.influencewatch.org/organization/chicago-housing-justice-league-chjl/
500,per_rebecca_heinegg,p_just_info,role,confirmed,afgj-interlock,kunstlerlaw.net,https://kunstlerlaw.net/index.php/rebecca-heinegg/
501,per_rick_jahnkow,hub_opposed_to_militarism_draft,associate,inferred,afgj-interlock,nnomy.org,https://www.nnomy.org/about-us/steering-committee
502,per_rick_jahnkow,p_national_network_opposing_the_militari,role,confirmed,afgj-interlock,nnomy.org,https://www.nnomy.org/about-us/steering-committee
503,per_samantha_butler,p_chicago_housing_initiative,role,confirmed,afgj-interlock,chicagohousinginitiative.org,https://www.chicagohousinginitiative.org/staff
504,per_samantha_parsons,p_corporate_genome_project,role,confirmed,afgj-interlock,corporategenomeproject.org,https://www.corporategenomeproject.org/people
505,per_samantha_parsons,p_real_food_generation,role,confirmed,afgj-interlock,corporategenomeproject.org,https://www.corporategenomeproject.org/people
506,per_steve_lalla,p_orinoco_tribune,role,confirmed,afgj-interlock,orinocotribune.com,https://orinocotribune.com/about-us-draft/
507,per_sunny_levine,p_queer_food_foundation,role,confirmed,afgj-interlock,launchherawards.weareupspring.com,https://launchherawards.weareupspring.com/judges
508,per_sunsara_taylor,p_refuse_fascism,role,confirmed,afgj-interlock,refusefascism.org,https://refusefascism.org/all/sunsara-taylor-this-week-in-washington-dc-no-fascist-court-no-fascist-coup-trump-pence-out-now/
509,per_t_dubb_o,p_hands_up_united,role,confirmed,afgj-interlock,firstalert4.com,https://www.firstalert4.com/2024/08/08/bodies-line-decade-later-young-activists-rise-ferguson-unrest/
510,per_t_loving,hub_trans_justice_funding,associate,inferred,afgj-interlock,tucsonspotlight.org,https://www.tucsonspotlight.org/collective-builds-community/
511,per_t_loving,per_vik_velazquez_morales,associate,inferred,afgj-interlock|_mined,tucsonspotlight.org,https://www.tucsonspotlight.org/collective-builds-community/
512,per_t_loving,p_kindred_connections,role,confirmed,afgj-interlock,tucsonspotlight.org,https://www.tucsonspotlight.org/collective-builds-community/
513,per_t_sheri_dickerson,hub_massachusetts_bail,associate,inferred,afgj-interlock,justice.gov,https://www.justice.gov/usao-wdok/pr/executive-director-black-lives-matter-okc-charged-wire-fraud-and-money-laundering
514,per_t_sheri_dickerson,p_black_lives_matter_oklahoma_city,role,confirmed,afgj-interlock,justice.gov,https://www.justice.gov/usao-wdok/pr/executive-director-black-lives-matter-okc-charged-wire-fraud-and-money-laundering
515,per_tamara_shapiro,hub_movement_netlab,associate,inferred,afgj-interlock,worldfellowship.org,https://worldfellowship.org/event/understanding-antisemitism-and-its-instrumentalization-through-a-power-analysis-lens-tamara-shapiro-organizer/
516,per_tamara_shapiro,hub_occupy_sandy,associate,inferred,afgj-interlock,worldfellowship.org,https://worldfellowship.org/event/understanding-antisemitism-and-its-instrumentalization-through-a-power-analysis-lens-tamara-shapiro-organizer/
517,per_tamara_shapiro,p_interoccupy,associate,inferred,afgj-interlock,worldfellowship.org,https://worldfellowship.org/event/understanding-antisemitism-and-its-instrumentalization-through-a-power-analysis-lens-tamara-shapiro-organizer/
518,per_tamara_shapiro,p_movement_net_lab,role,confirmed,afgj-interlock,worldfellowship.org,https://worldfellowship.org/event/understanding-antisemitism-and-its-instrumentalization-through-a-power-analysis-lens-tamara-shapiro-organizer/
519,per_tara_thompson,hub_dream_defenders,associate,inferred,afgj-interlock,colorlines.com,https://colorlines.com/articles/michael-brown-one-year-later
520,per_tara_thompson,per_tef_poe,associate,inferred,afgj-interlock|_mined,colorlines.com,https://colorlines.com/articles/michael-brown-one-year-later
521,per_tara_thompson,p_hands_up_united,role,confirmed,afgj-interlock,colorlines.com,https://colorlines.com/articles/michael-brown-one-year-later
522,per_taureen_tory_russell,per_tef_poe,associate,inferred,afgj-interlock,archive.thinkprogress.org,https://archive.thinkprogress.org/as-verdict-looms-in-ferguson-activists-play-the-long-game-eb069e39181f/
523,per_taureen_tory_russell,p_hands_up_united,role,confirmed,afgj-interlock,archive.thinkprogress.org,https://archive.thinkprogress.org/as-verdict-looms-in-ferguson-activists-play-the-long-game-eb069e39181f/
524,per_tef_poe,hub_dead_prez,associate,inferred,afgj-interlock,berklee.edu,https://www.berklee.edu/people/tef-poe
525,per_tef_poe,hub_dream_defenders,associate,inferred,afgj-interlock,berklee.edu,https://www.berklee.edu/people/tef-poe
526,per_tef_poe,hub_talib_kweli,associate,inferred,afgj-interlock,berklee.edu,https://www.berklee.edu/people/tef-poe
527,per_tef_poe,p_hands_up_united,role,confirmed,afgj-interlock,berklee.edu,https://www.berklee.edu/people/tef-poe
528,per_trayce_peterson,p_arizona_palestine_solidarity_alliance,associate,inferred,afgj-interlock,borderlinks.org,https://www.borderlinks.org/trayce-peterson
529,per_trayce_peterson,p_splitseed_productions,role,confirmed,afgj-interlock,borderlinks.org,https://www.borderlinks.org/trayce-peterson
530,per_vee_morris_moore,hub_assata_shakur,associate,inferred,afgj-interlock,thetriibe.com,https://thetriibe.com/2025/12/assata-shakur-an-enduring-legacy-that-serves-as-the-blueprint-for-black-liberation/
531,per_vee_morris_moore,p_assata_s_daughters,role,confirmed,afgj-interlock,thetriibe.com,https://thetriibe.com/2025/12/assata-shakur-an-enduring-legacy-that-serves-as-the-blueprint-for-black-liberation/
532,per_vik_velazquez_morales,hub_trans_justice_funding,associate,inferred,afgj-interlock,tucsonspotlight.org,https://www.tucsonspotlight.org/collective-builds-community/
533,per_vik_velazquez_morales,p_kindred_connections,role,confirmed,afgj-interlock,tucsonspotlight.org,https://www.tucsonspotlight.org/collective-builds-community/
534,pf,ev_vz_election_2024,convened_solidarity,confirmed,latam-solidarity,peoplesforum.org,https://peoplesforum.org/venezuela-elections
535,pf,hatuey,fiscal_host,confirmed,hatuey,hatueyproject.org,https://www.hatueyproject.org/
538,pf,rub_national_network_on_cuba,hosted,inferred,rubio-cuba,nnoc.org,https://nnoc.org/member-orgs/
540,prashad,pi,council,inferred,rls-germany,progressive.international,https://progressive.international/members/
541,prashad,rls_nyc,contributor,confirmed,rls-germany,rosalux.nyc,https://rosalux.nyc/?s=Vijay+Prashad
542,prashad,tricontinental,director,confirmed,rls-germany,thetricontinental.org,https://thetricontinental.org/team/
544,prashad,tricontinental,role,confirmed,rubio-cuba,en.wikipedia.org,https://en.wikipedia.org/wiki/Vijay_Prashad
545,press_tv,benjamin,media_appearance,confirmed,iran-network,memri.org,https://www.memri.org/reports/second-international-new-horizon-conference-tehran
546,press_tv,benjamin,phone_contact,confirmed,iran-network,networkcontagion.us,https://networkcontagion.us/reports/the-hidden-switchboard-how-iranian-state-media-and-domestic-networks-drive-influence-operations-on-u-s-soil/
547,psf,jef,grant,confirmed,iran-network,projects.propublica.org,https://projects.propublica.org/nonprofits/organizations/821202926
548,psl,ev_antifa_festival_2025,attended,confirmed,latam-solidarity,x.com,https://x.com/pslnational/status/1877546536365690985
549,psl,ev_vz_election_2024,endorsed,confirmed,latam-solidarity,peoplesforum.org,https://peoplesforum.org/venezuela-elections
550,psl,ev_wfys_2005,attended,confirmed,latam-solidarity,liberationnews.org,https://www.liberationnews.org/05-09-01-psl-delegates-to-caracas-world-y-html
553,psl,ipa,member,confirmed,latam-solidarity,en.wikipedia.org,https://en.wikipedia.org/wiki/International_Peoples%27_Assembly
555,puryear,russia,foreign_tie,inferred,singham-spine,en.wikipedia.org,https://en.wikipedia.org/wiki/Eugene_Puryear
557,reyes,iran,foreign_tie,inferred,singham-spine,linkedin.com,https://www.linkedin.com/in/karla-reyes-810a628/
559,richard_becker,china,foreign_tie,inferred,singham-spine,missionlocal.org,https://missionlocal.org/2019/08/local-socialists-see-the-fog-of-anti-communism-lifting/
560,richard_becker,lariva,spouse,confirmed,hatuey,adl.org,https://www.adl.org/resources/backgrounder/party-socialism-and-liberation-psl
564,rls_nyc,dsa_fund,joint_poll,confirmed,rls-germany,rosalux.nyc,https://rosalux.nyc/new-poll-democratic-socialism-is-now-mainstream/
565,rls_nyc,jacobin,cosponsor,confirmed,rls-germany,rosalux.nyc,https://rosalux.nyc/new-poll-democratic-socialism-is-now-mainstream/
566,rls_nyc,o4p,operates,confirmed,rls-germany,rosalux.de,https://www.rosalux.de/en/o4p
567,rls_nyc,wfp,training,inferred,rls-germany,keywiki.org,https://keywiki.org/Rosa_Luxemburg_Stiftung
568,rls_nyc,ydsa,funds,inferred,rls-germany,keywiki.org,https://keywiki.org/Rosa_Luxemburg_Stiftung
569,ron,tricontinental,role,inferred,rubio-cuba,thetricontinental.org,https://thetricontinental.org/team/
570,rose_benjamin,arc_of_justice,funds,confirmed,iran-network,projects.propublica.org,https://projects.propublica.org/nonprofits/organizations/841618483
571,rub_african_national_congress,rubio_report,cited_context,inferred,rubio-cuba,state.gov,https://www.state.gov/cuba-the-capital-of-21st-century-communism
572,rub_al_tajammu,rubio_report,cited_context,inferred,rubio-cuba,state.gov,https://www.state.gov/cuba-the-capital-of-21st-century-communism
573,rub_alpha_66,rubio_report,cited_opposition,inferred,rubio-cuba,state.gov,https://www.state.gov/cuba-the-capital-of-21st-century-communism
574,rub_amazon_labor_union,rubio_report,cited_context,inferred,rubio-cuba,state.gov,https://www.state.gov/cuba-the-capital-of-21st-century-communism
575,rub_amistur_cuba_sa,icap,subsidiary,confirmed,rubio-cuba,state.gov,https://www.state.gov/cuba-the-capital-of-21st-century-communism
576,rub_belly_of_the_beast_llc,rubio_report,cited_context,inferred,rubio-cuba,state.gov,https://www.state.gov/cuba-the-capital-of-21st-century-communism
577,rub_black_liberation_army,rubio_report,cited_historical,inferred,rubio-cuba,state.gov,https://www.state.gov/cuba-the-capital-of-21st-century-communism
578,rub_black_lives_matter_at_scho,rubio_report,cited_context,inferred,rubio-cuba,state.gov,https://www.state.gov/cuba-the-capital-of-21st-century-communism
579,rub_black_lives_matter_grassro,rubio_report,cited_context,inferred,rubio-cuba,state.gov,https://www.state.gov/cuba-the-capital-of-21st-century-communism
580,rub_black_panther_party,rubio_report,cited_historical,inferred,rubio-cuba,state.gov,https://www.state.gov/cuba-the-capital-of-21st-century-communism
581,rub_british_cuba_solidarity_ca,rubio_report,cited_network,inferred,rubio-cuba,state.gov,https://www.state.gov/cuba-the-capital-of-21st-century-communism
582,rub_brothers_to_the_rescue,rubio_report,cited_opposition,inferred,rubio-cuba,state.gov,https://www.state.gov/cuba-the-capital-of-21st-century-communism
583,rub_canadian_network_on_cuba,rubio_report,cited_network,inferred,rubio-cuba,state.gov,https://www.state.gov/cuba-the-capital-of-21st-century-communism
584,rub_changingfrequencies,rubio_report,cited_context,inferred,rubio-cuba,state.gov,https://www.state.gov/cuba-the-capital-of-21st-century-communism
585,rub_communist_party_usa,rub_national_network_on_cuba,member,confirmed,rubio-cuba,nnoc.org,https://nnoc.org/member-orgs/
586,rub_cuban_american_national_fo,rubio_report,cited_opposition,inferred,rubio-cuba,state.gov,https://www.state.gov/cuba-the-capital-of-21st-century-communism
587,rub_cuban_interests_section,icap,coordinates_with,inferred,rubio-cuba,state.gov,https://www.state.gov/cuba-the-capital-of-21st-century-communism
588,rub_cuban_mission_to_the_un,cuba,state_organ,inferred,rubio-cuba,state.gov,https://www.state.gov/cuba-the-capital-of-21st-century-communism
589,rub_democratic_front_for_the_l,rubio_report,cited_designation,inferred,rubio-cuba,state.gov,https://www.state.gov/cuba-the-capital-of-21st-century-communism
590,rub_eln,rubio_report,cited_designation,inferred,rubio-cuba,state.gov,https://www.state.gov/cuba-the-capital-of-21st-century-communism
591,rub_equality_for_flatbush,rubio_report,cited_context,inferred,rubio-cuba,kenklippenstein.com,https://www.kenklippenstein.com/p/after-political-terrorism-event-us
592,rub_f_4_commandos,rubio_report,cited_opposition,inferred,rubio-cuba,state.gov,https://www.state.gov/cuba-the-capital-of-21st-century-communism
593,rub_fair_play_for_cuba_committ,rubio_report,cited_historical,inferred,rubio-cuba,state.gov,https://www.state.gov/cuba-the-capital-of-21st-century-communism
594,rub_faln,rubio_report,cited_historical,inferred,rubio-cuba,state.gov,https://www.state.gov/cuba-the-capital-of-21st-century-communism
595,rub_george_floyd_riots_antifa,rubio_report,cited_context,inferred,rubio-cuba,state.gov,https://www.state.gov/cuba-the-capital-of-21st-century-communism
596,rub_germany_cuba_friendship_as,rubio_report,cited_network,inferred,rubio-cuba,state.gov,https://www.state.gov/cuba-the-capital-of-21st-century-communism
597,global_exchange,rub_national_network_on_cuba,member,confirmed,rubio-cuba|_mined,nnoc.org,https://nnoc.org/member-orgs/
598,rub_haitian_women_for_haitian,rubio_report,cited_context,inferred,rubio-cuba,state.gov,https://www.state.gov/cuba-the-capital-of-21st-century-communism
599,rub_hamas,rubio_report,cited_designation,inferred,rubio-cuba,state.gov,https://www.state.gov/cuba-the-capital-of-21st-century-communism
600,rub_hezbollah,rubio_report,cited_designation,inferred,rubio-cuba,state.gov,https://www.state.gov/cuba-the-capital-of-21st-century-communism
601,rub_houthis,rubio_report,cited_designation,inferred,rubio-cuba,state.gov,https://www.state.gov/cuba-the-capital-of-21st-century-communism
602,rub_ifco_pastors_for_peace,rub_claudia_jones_school,fiscal_sponsor,inferred,rubio-cuba,claudiajonesschool.org,https://claudiajonesschool.org/
603,rub_ifco_pastors_for_peace,rub_national_network_on_cuba,member,confirmed,rubio-cuba,nnoc.org,https://nnoc.org/member-orgs/
604,rub_ifco_pastors_for_peace,rub_the_jericho_movement,fiscal_sponsor,inferred,rubio-cuba,thejerichomovement.com,https://thejerichomovement.com
605,rub_ifco_pastors_for_peace,rub_venceremos_brigade,fiscal_sponsor,inferred,rubio-cuba,vb4cuba.com,https://vb4cuba.com/
606,rub_international_may_day_brig,icap,interlock,confirmed,rubio-cuba,state.gov,https://www.state.gov/cuba-the-capital-of-21st-century-communism
607,rub_m_19,rubio_report,cited_designation,inferred,rubio-cuba,state.gov,https://www.state.gov/cuba-the-capital-of-21st-century-communism
608,rub_macheteros,rubio_report,cited_historical,inferred,rubio-cuba,state.gov,https://www.state.gov/cuba-the-capital-of-21st-century-communism
609,rub_may_19th_communist_organiz,rubio_report,cited_historical,inferred,rubio-cuba,state.gov,https://www.state.gov/cuba-the-capital-of-21st-century-communism
610,rub_montoneros,rubio_report,cited_historical,inferred,rubio-cuba,state.gov,https://www.state.gov/cuba-the-capital-of-21st-century-communism
611,rub_nation_of_islam,rubio_report,cited_context,inferred,rubio-cuba,state.gov,https://www.state.gov/cuba-the-capital-of-21st-century-communism
612,rub_national_conference_of_bla,rubio_report,cited_context,inferred,rubio-cuba,state.gov,https://www.state.gov/cuba-the-capital-of-21st-century-communism
613,rub_national_network_on_cuba,icap,interlock,confirmed,rubio-cuba,state.gov,https://www.state.gov/cuba-the-capital-of-21st-century-communism
614,rub_national_network_on_cuba,rubio_report,cited_network,confirmed,rubio-cuba,state.gov,https://www.state.gov/cuba-the-capital-of-21st-century-communism
615,rub_olas,rubio_report,cited_context,inferred,rubio-cuba,state.gov,https://www.state.gov/cuba-the-capital-of-21st-century-communism
616,rub_p_alicia_garza,rub_black_lives_matter_global,role,inferred,rubio-cuba,en.wikipedia.org,https://en.wikipedia.org/wiki/Alicia_Garza
617,rub_p_angela_davis,rubio_report,cited_context,inferred,rubio-cuba,state.gov,https://www.state.gov/cuba-the-capital-of-21st-century-communism
618,rub_p_antonio_guerrero,rub_the_wasp_network_red_avisp,role,inferred,rubio-cuba,en.wikipedia.org,https://en.wikipedia.org/wiki/Antonio_Guerrero
619,rub_p_asad_rehman,rub_thousand_currents,role,inferred,rubio-cuba,thousandcurrents.org,https://thousandcurrents.org/our-leadership/
620,rub_p_bernardine_dohrn,rub_weather_underground,role,inferred,rubio-cuba,en.wikipedia.org,https://en.wikipedia.org/wiki/Bernardine_Dohrn
621,rub_p_bill_ayers,rub_weather_underground,role,inferred,rubio-cuba,en.wikipedia.org,https://en.wikipedia.org/wiki/Bill_Ayers
622,rub_p_charles_charlie_hill,rub_republic_of_new_afrika,role,inferred,rubio-cuba,cbsnews.com,https://www.cbsnews.com/news/charlie-hill-american-harbored-by-cuba-fears-winds-of-change/
624,rub_p_fernando_gonz_lez_llor,rub_the_wasp_network_red_avisp,role,confirmed,rubio-cuba,en.wikipedia.org,https://en.wikipedia.org/wiki/Fernando_González_Llort
625,rub_p_george_galloway,rub_viva_palestina_us,role,inferred,rubio-cuba,en.wikipedia.org,https://en.wikipedia.org/wiki/George_Galloway
626,rub_p_gerardo_hern_ndez,rub_the_wasp_network_red_avisp,role,inferred,rubio-cuba,en.wikipedia.org,https://en.wikipedia.org/wiki/Cuban_Five
627,rub_p_gustavo_petro,rub_m_19,role,inferred,rubio-cuba,en.wikipedia.org,https://en.wikipedia.org/wiki/Gustavo_Petro
628,rub_p_kathy_boudin,rub_may_19th_communist_organiz,role,inferred,rubio-cuba,en.wikipedia.org,https://en.wikipedia.org/wiki/Kathy_Boudin
629,rub_p_kathy_boudin,rub_weather_underground,role,inferred,rubio-cuba,en.wikipedia.org,https://en.wikipedia.org/wiki/Kathy_Boudin
630,rub_p_nayef_hawatmeh,rub_democratic_front_for_the_l,role,inferred,rubio-cuba,en.wikipedia.org,https://en.wikipedia.org/wiki/Nayef_Hawatmeh
631,rub_p_nayef_hawatmeh,pflp,role,inferred,rubio-cuba,en.wikipedia.org,https://en.wikipedia.org/wiki/Nayef_Hawatmeh
633,rub_p_onyesonwu_chatoyer,rub_national_network_on_cuba,role,confirmed,rubio-cuba,hoodcommunist.org,https://hoodcommunist.org/2025/07/28/cuba-beats-the-beast/
634,rub_p_onyesonwu_chatoyer,rub_venceremos_brigade,role,confirmed,rubio-cuba,hoodcommunist.org,https://hoodcommunist.org/2025/07/28/cuba-beats-the-beast/
635,rub_p_opal_tometi,bap,role,inferred,rubio-cuba,en.wikipedia.org,https://en.wikipedia.org/wiki/Opal_Tometi
636,rub_p_opal_tometi,rub_black_lives_matter_global,role,inferred,rubio-cuba,en.wikipedia.org,https://en.wikipedia.org/wiki/Opal_Tometi
637,rub_p_paul_larudee,rub_association_for_investment,role,inferred,rubio-cuba,en.wikipedia.org,https://en.wikipedia.org/wiki/Paul_Larudee
638,rub_p_ram_n_laba_ino,rub_the_wasp_network_red_avisp,role,inferred,rubio-cuba,en.wikipedia.org,https://en.wikipedia.org/wiki/Ramón_Labañino
639,rub_p_ren_gonz_lez,rub_the_wasp_network_red_avisp,role,inferred,rubio-cuba,en.wikipedia.org,https://en.wikipedia.org/wiki/René_González
640,rub_p_rev_lucius_walker,rub_ifco_pastors_for_peace,role,confirmed,rubio-cuba,state.gov,https://www.state.gov/cuba-the-capital-of-21st-century-communism
641,rub_p_robert_f_williams,rub_black_panther_party,cited_historical,inferred,rubio-cuba,en.wikipedia.org,https://en.wikipedia.org/wiki/Robert_F._Williams
642,rub_p_robert_f_williams,rub_naacp,role,inferred,rubio-cuba,en.wikipedia.org,https://en.wikipedia.org/wiki/Robert_F._Williams
643,rub_p_suzanne_adely,nlg,role,confirmed,rubio-cuba,nlginternational.org,https://nlginternational.org/2024/07/national-lawyers-guild-report-election-monitoring-delegation-to-the-bolivarian-republic-of-venezuela/
644,rub_palestine_liberation_organ,rubio_report,cited_designation,inferred,rubio-cuba,state.gov,https://www.state.gov/cuba-the-capital-of-21st-century-communism
645,rub_palestinian_islamic_jihad,rubio_report,cited_designation,inferred,rubio-cuba,state.gov,https://www.state.gov/cuba-the-capital-of-21st-century-communism
646,pflp,rubio_report,cited_designation,inferred,rubio-cuba,state.gov,https://www.state.gov/cuba-the-capital-of-21st-century-communism
647,rub_radio_habana,icap,state_media,inferred,rubio-cuba,state.gov,https://www.state.gov/cuba-the-capital-of-21st-century-communism
648,rub_republic_of_new_afrika,rubio_report,cited_historical,inferred,rubio-cuba,state.gov,https://www.state.gov/cuba-the-capital-of-21st-century-communism
649,rub_student_nonviolent_coordin,rubio_report,cited_historical,inferred,rubio-cuba,state.gov,https://www.state.gov/cuba-the-capital-of-21st-century-communism
650,rub_students_for_a_democratic,rubio_report,cited_historical,inferred,rubio-cuba,state.gov,https://www.state.gov/cuba-the-capital-of-21st-century-communism
651,rub_the_wasp_network_red_avisp,icap,controls,confirmed,rubio-cuba,state.gov,https://www.state.gov/cuba-the-capital-of-21st-century-communism
652,rub_thousand_currents,rub_black_lives_matter_global,fiscal_sponsor,confirmed,rubio-cuba,blog.charitywatch.org,https://blog.charitywatch.org/legal-battle-ensues-over-control-of-black-lives-matter-global-network-foundation-funds/
653,rub_thousand_currents,rubio_report,cited_context,inferred,rubio-cuba,state.gov,https://www.state.gov/cuba-the-capital-of-21st-century-communism
654,rub_tupamaros,rubio_report,cited_designation,inferred,rubio-cuba,state.gov,https://www.state.gov/cuba-the-capital-of-21st-century-communism
656,rub_venceremos_brigade,rub_national_network_on_cuba,member,confirmed,rubio-cuba,nnoc.org,https://nnoc.org/member-orgs/
657,rub_weather_underground,rubio_report,cited_historical,inferred,rubio-cuba,state.gov,https://www.state.gov/cuba-the-capital-of-21st-century-communism
658,rub_witness_for_peace_solidari,rub_national_network_on_cuba,member,confirmed,rubio-cuba,nnoc.org,https://nnoc.org/member-orgs/
659,rub_zimbabwe_african_people_s,cuba,foreign_tie,inferred,rubio-cuba,state.gov,https://www.state.gov/cuba-the-capital-of-21st-century-communism
660,samidoun,pflp,designated,confirmed,iran-network,home.treasury.gov,https://home.treasury.gov/news/press-releases/jy2646
661,scharenberg,cpc,organized_delegation,inferred,rls-germany,keywiki.org,https://keywiki.org/Albert_Scharenberg
662,scharenberg,rls_nyc,director,confirmed,rls-germany,keywiki.org,https://keywiki.org/Albert_Scharenberg
665,singham,codepink,role,confirmed,rubio-cuba,en.wikipedia.org,https://en.wikipedia.org/wiki/Neville_Roy_Singham
668,singham,pf,role,confirmed,rubio-cuba,en.wikipedia.org,https://en.wikipedia.org/wiki/Neville_Roy_Singham
669,singham,tricontinental,role,confirmed,rubio-cuba,en.wikipedia.org,https://en.wikipedia.org/wiki/Neville_Roy_Singham
670,singham,venezuela,foreign_tie,inferred,singham-spine,washingtonexaminer.com,https://www.washingtonexaminer.com/news/investigations/4408061/who-funds-groups-protesting-america-capture-maduro/
671,singham_shanti,china,foreign_tie,inferred,singham-spine,jewishinsider.com,https://jewishinsider.com/2026/03/neville-roy-singham-family-embedded-zohran-mamdani/
672,souers,ev_vz_election_2024,accompanied,confirmed,latam-solidarity,consortiumnews.com,https://consortiumnews.com/2024/07/30/venezuela-as-us-leaders-call-fraud-us-observers-endorse-results/
673,stein,iran,foreign_tie,confirmed,iran-network,adl.org,https://www.adl.org/resources/backgrounder/jewish-voice-peace-jvp
674,stein,jvp,affiliation,confirmed,iran-network,adl.org,https://www.adl.org/resources/backgrounder/jewish-voice-peace-jvp
675,sunkara,dsa,member,inferred,rls-germany,en.wikipedia.org,https://en.wikipedia.org/wiki/Democratic_Socialists_of_America
676,sunkara,jacobin,founder,confirmed,rls-germany,rosalux.nyc,https://rosalux.nyc/2026-ellen-meiksins-wood-lecture/
677,sunkara,rls_nyc,lecturer,confirmed,rls-germany,rosalux.nyc,https://rosalux.nyc/2026-ellen-meiksins-wood-lecture/
678,svart,dsa,director,confirmed,rls-germany,en.wikipedia.org,https://en.wikipedia.org/wiki/Democratic_Socialists_of_America
679,svart,rls_nyc,participant,inferred,rls-germany,keywiki.org,https://keywiki.org/Mapping_Socialist_Strategies
680,syriza,pel,member,confirmed,rls-germany,en.wikipedia.org,https://en.wikipedia.org/wiki/Party_of_the_European_Left
681,taylor,jef,member,confirmed,singham-spine,projects.propublica.org,https://projects.propublica.org/nonprofits/organizations/824975378
682,tfa,ev_antifa_festival_2025,attended,inferred,latam-solidarity,venezuelasolidaritynetwork.org,https://www.venezuelasolidaritynetwork.org/01282025
683,tfa,ev_vz_election_2024,endorsed,confirmed,latam-solidarity,peoplesforum.org,https://peoplesforum.org/venezuela-elections
685,tighe_barry,codepink,affiliation,confirmed,iran-network,trtworld.com,https://www.trtworld.com/magazine/american-activist-from-vietnam-to-gaza-war-my-government-lies-to-me-18204641
686,tighe_barry,iran,foreign_tie,confirmed,iran-network,codepink.org,https://www.codepink.org/2_us_citizens_participate_in_iranian_peace_boat_to_stop_saudi_attacks_on_yemen
687,tighe_barry,iranian_red_crescent,attended_delegation,confirmed,iran-network,codepink.org,https://www.codepink.org/2_us_citizens_participate_in_iranian_peace_boat_to_stop_saudi_attacks_on_yemen
688,tricontinental,ipa,anchors,confirmed,latam-solidarity,en.wikipedia.org,https://en.wikipedia.org/wiki/International_Peoples%27_Assembly
689,ucf,pf,funds,confirmed,rls-germany,influencewatch.org,https://www.influencewatch.org/non-profit/the-peoples-forum/
690,trochowski,rls_berlin,director,confirmed,rls-germany,en.wikipedia.org,https://en.wikipedia.org/wiki/Rosa_Luxemburg_Foundation
691,uspc,ev_antifa_festival_2025,attended,confirmed,latam-solidarity,venezuelasolidaritynetwork.org,https://www.venezuelasolidaritynetwork.org/01282025
692,uspc,ev_vz_election_2024,observed,confirmed,latam-solidarity,icssmarx.org,https://icssmarx.org/venezuela-election-eye-witness-report-roger-d-harris-august-25-2024-1030-am-pacific-time/
693,valente,ev_maduro_inaug_2025,attended,confirmed,latam-solidarity,nodal.am,https://www.nodal.am/2025/01/venezuela-delegaciones-internacionales-asisten-a-la-investidura-de-nicolas-maduro/
694,valente,fsp,secretary,confirmed,latam-solidarity,nodal.am,https://www.nodal.am/2025/01/venezuela-delegaciones-internacionales-asisten-a-la-investidura-de-nicolas-maduro/
695,viq,hatuey,co_signatory,confirmed,hatuey,hatueyproject.org,https://www.hatueyproject.org/
696,viq,hub_andira_alves,associate,inferred,afgj-interlock,hatueyproject.org,https://www.hatueyproject.org/
697,viq,hub_leni_villag_mez_reeves,associate,inferred,afgj-interlock,hatueyproject.org,https://www.hatueyproject.org/
698,viq,hub_will_kohr,associate,inferred,afgj-interlock,hatueyproject.org,https://www.hatueyproject.org/
699,viq,marsh,associate,inferred,afgj-interlock,hatueyproject.org,https://www.hatueyproject.org/
702,wfdy,ev_wfys_2005,organized,confirmed,latam-solidarity,en.wikipedia.org,https://en.wikipedia.org/wiki/World_Festival_of_Youth_and_Students
703,wider,pf,member,inferred,singham-spine,peoplesforum.org,https://peoplesforum.org/instructor/phil-wider/
704,wider,jef,member,confirmed,singham-spine,peoplesforum.org,https://peoplesforum.org/instructor/phil-wider/
705,xiao,china,aligned,inferred,singham-spine,liberationschool.org,https://liberationschool.org/hong-kong-and-china/
708,yee,btm,member,inferred,singham-spine,projects.propublica.org,https://projects.propublica.org/nonprofits/organizations/845071181
709,yee,psl,editor,confirmed,hatuey,hatueyproject.org,https://www.hatueyproject.org/news/u-s-activists-deliver-60000-in-medical-aid-to-cuban-children-with-cancer/
710,pf,rub_hamas,justified,inferred,_mined,waysandmeans.house.gov,https://waysandmeans.house.gov/2025/09/04/chairman-smith-exposes-u-s-nonprofit-as-likely-ccp-funded-propaganda-arm-operating-under-tax-exempt-status/
711,psl,pf,network,inferred,_mined,adl.org,https://www.adl.org/resources/backgrounder/party-socialism-and-liberation-psl
712,psl,answer,network,inferred,_mined,adl.org,https://www.adl.org/resources/backgrounder/party-socialism-and-liberation-psl
713,jvp,psl,collaborator,inferred,_mined,adl.org,https://www.adl.org/resources/backgrounder/party-socialism-and-liberation-psl
715,psl,samidoun,co-organizer,inferred,_mined,adl.org,https://www.adl.org/resources/backgrounder/party-socialism-and-liberation-psl
716,answer,samidoun,co-organizer,inferred,_mined,adl.org,https://www.adl.org/resources/backgrounder/party-socialism-and-liberation-psl
717,psl,russia,refused_to_denounce,inferred,_mined,adl.org,https://www.adl.org/resources/backgrounder/party-socialism-and-liberation-psl
718,psl,venezuela,defended,inferred,_mined,adl.org,https://www.adl.org/resources/backgrounder/party-socialism-and-liberation-psl
719,rub_black_lives_matter_global,p_black_trans_media,grant,inferred,_mined,influencewatch.org,https://www.influencewatch.org/non-profit/black-trans-media/
720,baker_gordon,kramer,spouse,inferred,_mined,en.wikipedia.org,https://en.wikipedia.org/wiki/General_Baker
721,garcia,delacruz,running_mate,inferred,_mined,simple.wikipedia.org,https://simple.wikipedia.org/wiki/Karina_Garcia
722,delossantos,tricontinental,researcher,inferred,_mined,peoplesforum.org,https://peoplesforum.org/about/staff/
723,moseley,pf,education_coordinator,inferred,_mined,peoplesforum.org,https://peoplesforum.org/about/staff/
724,chung,pf,organizing_director,inferred,_mined,peoplesforum.org,https://peoplesforum.org/about/staff/
725,bounds,pf,coordinator,inferred,_mined,peoplesforum.org,https://peoplesforum.org/about/staff/
726,khalek,btm,host,inferred,_mined,x.com,https://x.com/RaniaKhalek
727,gbi,kramer,affiliation,inferred,_mined,instrumentl.com,https://www.instrumentl.com/990-report/general-baker-institute
728,conway,rub_black_panther_party,member,inferred,_mined,en.wikipedia.org,https://en.wikipedia.org/wiki/Eddie_Conway
729,caruso,theoharis,spouse,inferred,_mined,en.wikipedia.org,https://en.wikipedia.org/wiki/Liz_Theoharis
730,baptist,theoharis,collaborator,inferred,_mined,en.wikipedia.org,https://en.wikipedia.org/wiki/Liz_Theoharis
731,p_arizona_palestine_solidarity_alliance,p_people_helping_people,network,inferred,_mined,arizonapalestine.org,https://www.arizonapalestine.org/about.html
732,lariva,puryear,running_mate,inferred,_mined,en.wikipedia.org,https://en.wikipedia.org/wiki/Gloria_La_Riva
733,lariva,icap,received,inferred,_mined,cubasi.cu,https://cubasi.cu/en/news/prominent-us-activist-receives-icap-commemorative-seal
734,lariva,cuba,support,inferred,_mined,cubasi.cu,https://cubasi.cu/en/news/prominent-us-activist-receives-icap-commemorative-seal
735,baptist,p_poor_people_s_economic_human_rights_ca,organizer,inferred,_mined,peoplesforum.org,https://peoplesforum.org/instructor/willie-baptist/
736,hub_hugo_chavez,venezuela,role,inferred,_mined,nbcnews.com,https://www.nbcnews.com/id/wbna10704025
737,per_cindy_sheehan,venezuela,visited,inferred,_mined,nbcnews.com,https://www.nbcnews.com/id/wbna10704025
738,hub_assata_shakur,cuba,exiled,inferred,_mined,influencewatch.org,https://www.influencewatch.org/organization/assatas-daughters/
742,benjamin,tighe_barry,collaborator,inferred,_mined,trtworld.com,https://www.trtworld.com/magazine/american-activist-from-vietnam-to-gaza-war-my-government-lies-to-me-18204641
743,puryear,btm,host,inferred,_mined,en.wikipedia.org,https://en.wikipedia.org/wiki/Eugene_Puryear
744,puryear,psl,vice_presidential_nominee,inferred,_mined,en.wikipedia.org,https://en.wikipedia.org/wiki/Eugene_Puryear
745,puryear,dsa,endorsed,inferred,_mined,en.wikipedia.org,https://en.wikipedia.org/wiki/Eugene_Puryear
746,puryear,answer,organizer,inferred,_mined,en.wikipedia.org,https://en.wikipedia.org/wiki/Eugene_Puryear
747,puryear,lariva,running_mate,inferred,_mined,en.wikipedia.org,https://en.wikipedia.org/wiki/Eugene_Puryear
748,p_orinoco_tribune,venezuela,from,inferred,_mined,orinocotribune.com,https://orinocotribune.com/
749,chung,jef,director,inferred,_mined,projects.propublica.org,https://projects.propublica.org/nonprofits/organizations/824975378
750,garcia,jef,director,inferred,_mined,projects.propublica.org,https://projects.propublica.org/nonprofits/organizations/824975378
751,rub_venceremos_brigade,cuba,sends_volunteers_to,confirmed,_mined,iacenter.org,https://iacenter.org/2019/11/01/the-venceremos-brigade-50-years-of-solidarity-with-cuba/
752,hub_women_in_black,p_coalition_of_women_for_peace,collaborator,inferred,_mined,influencewatch.org,https://www.influencewatch.org/non-profit/coalition-of-women-for-peace/
753,p_coalition_of_women_for_peace,rub_hamas,did_not_condemn,inferred,_mined,influencewatch.org,https://www.influencewatch.org/non-profit/coalition-of-women-for-peace/
754,p_arizona_palestine_solidarity_alliance,nicanet,formed_through,inferred,_mined,influencewatch.org,https://www.influencewatch.org/organization/arizona-palestine-solidarity-alliance/
755,delacruz,cuba,visited,inferred,_mined,peaceandfreedom.us,https://www.peaceandfreedom.us/index.php/news/elections-campaigns/claudia-de-la-cruz-karina-garcia-the-bios
756,hatuey,cuba,solidarity,confirmed,_mined,radiohc.cu,https://www.radiohc.cu/en/the-hatuey-project-of-the-united-states-reaffirms-its-solidarity-with-cuba/
757,p_national_immigrant_solidarity_network,china,organized,inferred,_mined,immigrantsolidarity.org,http://immigrantsolidarity.org/China2017/Article/Article.html
759,lowengard,puf,board_member,inferred,_mined,guidestar.org,https://www.guidestar.org/profile/94-3382208
760,p_labor_against_racism_and_war,dsa,shared,inferred,_mined,influencewatch.org,https://www.influencewatch.org/non-profit/us-labor-against-the-war/
761,dsa,p_arizona_educators_united,affiliation,inferred,_mined,influencewatch.org,https://www.influencewatch.org/organization/arizona-educators-united-aeu/
762,lariva,cuba,defends,inferred,_mined,breakingthechainsmag.org,https://breakingthechainsmag.org/women-on-the-frontlines-an-interview-with-gloria-la-riva/
763,psf,anderson-figueroa,director,inferred,_mined,peoplessupportfoundation.org,https://www.peoplessupportfoundation.org/
764,delossantos,cuba,foreign_tie,inferred,_mined,yahoo.com,https://www.yahoo.com/news/manolo-los-santos-leader-hamas-205656272.html
765,delossantos,rub_hamas,lauded,inferred,_mined,yahoo.com,https://www.yahoo.com/news/manolo-los-santos-leader-hamas-205656272.html
766,samidoun,p_international_people_s_tribunal,co_sponsor,inferred,_mined,samidoun.net,https://samidoun.net/2023/01/28-january-public-launch-of-the-international-peoples-tribunal-on-u-s-imperialism-sanctions-blockades-and-economic-coercive-measures/
767,rub_black_lives_matter_global,p_black_trans_travel_fund,grant,inferred,_mined,influencewatch.org,https://www.influencewatch.org/for-profit/the-black-trans-travel-fund/
770,p_black_lives_matter_oklahoma_city,rub_naacp,collaborator,inferred,_mined,influencewatch.org,https://www.influencewatch.org/organization/black-lives-matter-oklahoma-city/
771,p_honduras_solidarity_network,global_exchange,supports,inferred,_mined,hondurassolidarity.org,https://www.hondurassolidarity.org
772,russia,china,aligned,inferred,_mined,liberationschool.org,https://liberationschool.org/hong-kong-and-china/
773,harris,venezuela,interest,inferred,_mined,taskforceamericas.org,https://taskforceamericas.org/staff/roger-harris/
774,harris,cuba,interest,inferred,_mined,taskforceamericas.org,https://taskforceamericas.org/staff/roger-harris/
775,hatuey,cuba,delivered,inferred,_mined,hatueyproject.org,https://www.hatueyproject.org/news/u-s-activists-deliver-60000-in-medical-aid-to-cuban-children-with-cancer/
776,answer,codepink,co_initiator,inferred,_mined,answercoalition.org,https://www.answercoalition.org/national_action_us_troops_out_of_iraq
777,answer,p_popular_resistance,co_initiator,inferred,_mined,answercoalition.org,https://www.answercoalition.org/national_action_us_troops_out_of_iraq
778,codepink,p_popular_resistance,co_initiator,inferred,_mined,answercoalition.org,https://www.answercoalition.org/national_action_us_troops_out_of_iraq
779,richard_becker,hub_occupy_wall_street,supported,inferred,_mined,discoverthenetworks.org,https://www.discoverthenetworks.org/individuals/richard-becker/
780,answer,hub_occupy_wall_street,associate,inferred,_mined,discoverthenetworks.org,https://www.discoverthenetworks.org/individuals/richard-becker/
781,kramer,gbi,trustee,inferred,_mined,projects.propublica.org,https://projects.propublica.org/nonprofits/organizations/811174658
782,delacruz,gbi,trustee,inferred,_mined,projects.propublica.org,https://projects.propublica.org/nonprofits/organizations/811174658
783,per_carl_dix,p_stop_mass_incarceration_network,initiated,inferred,_mined,en.wikipedia.org,https://en.wikipedia.org/wiki/Carl_Dix
785,hrizi,puf,president,inferred,_mined,projects.propublica.org,https://projects.propublica.org/nonprofits/organizations/943382208
787,hatuey,cuba,donated,inferred,_mined,hatueyproject.org,https://www.hatueyproject.org/news/hatuey-project-press-conference-in-cuba/
788,hub_leni_villag_mez_reeves,hatuey,role,inferred,_mined,hatueyproject.org,https://www.hatueyproject.org/news/hatuey-project-press-conference-in-cuba/
789,lariva,icap,met,inferred,_mined,hatueyproject.org,https://www.hatueyproject.org/news/hatuey-project-press-conference-in-cuba/
790,hub_leni_villag_mez_reeves,icap,met,inferred,_mined,hatueyproject.org,https://www.hatueyproject.org/news/hatuey-project-press-conference-in-cuba/
791,singham,btm,funds,inferred,_mined,foxnews.com,https://www.foxnews.com/politics/inside-cubas-foreign-influence-campaign-from-venceremos-brigade-1960s-saturday-union-hall
793,singham,psl,funds,inferred,_mined,foxnews.com,https://www.foxnews.com/politics/inside-cubas-foreign-influence-campaign-from-venceremos-brigade-1960s-saturday-union-hall
794,codepink,pi,member,inferred,_mined,progressive.international,https://progressive.international/members/
795,venezuela,ipa,hosted,inferred,_mined,breakthroughnews.org,https://breakthroughnews.org/2019/07/20/the-year-in-review-a-look-at-our-coverage/
796,kaufman,p_honduras_solidarity_network,board_member,inferred,_mined,afgj.org,https://afgj.org/chuck-kaufman-presente
797,rub_association_for_investment,p_good_shepherd_collective,fiscal_sponsor,inferred,_mined,assinvpopactcom.org,https://assinvpopactcom.org/
798,dsa,ydsa,affiliation,inferred,_mined,en.wikipedia.org,https://en.wikipedia.org/wiki/Democratic_Socialists_of_America
799,pf,rub_venceremos_brigade,fiscal_sponsor,inferred,_mined,vb4cuba.com,https://vb4cuba.com/
800,jordan,cuba,visited,inferred,_mined,afgj.org,https://afgj.org/visiting-cuba
801,global_exchange,cuba,travel,confirmed,_mined,globalexchange.org,https://globalexchange.org/
802,global_exchange,iran,travel,inferred,_mined,globalexchange.org,https://globalexchange.org/
807,khalek,btm,role,inferred,_mined,en.wikipedia.org,https://en.wikipedia.org/wiki/Party_for_Socialism_and_Liberation
808,ben_becker,btm,editor-in-chief,inferred,_mined,en.wikipedia.org,https://en.wikipedia.org/wiki/BreakThrough_News
809,delacruz,btm,secretary,inferred,_mined,en.wikipedia.org,https://en.wikipedia.org/wiki/BreakThrough_News
813,pf,btm,hosted,inferred,_mined,en.wikipedia.org,https://en.wikipedia.org/wiki/Party_for_Socialism_and_Liberation
815,hoyt,nicanet,coordinator,inferred,_mined,afgj.org,https://afgj.org/about/board-of-directors
816,per_banbose_shango,vsn,coordinator,inferred,_mined,afgj.org,https://afgj.org/about/board-of-directors
817,per_banbose_shango,rub_national_network_on_cuba,officer,inferred,_mined,afgj.org,https://afgj.org/about/board-of-directors
818,per_cornel_west,uts,role,inferred,_mined,projects.propublica.org,https://projects.propublica.org/nonprofits/organizations/131624238
819,answer,afgj,reposted,inferred,_mined,answercoalition.org,https://www.answercoalition.org/afgj_s_chuck_kaufman_takes_on_imperialist_myths_in
820,kovalik,answer,photo_credit,inferred,_mined,answercoalition.org,https://www.answercoalition.org/afgj_s_chuck_kaufman_takes_on_imperialist_myths_in
826,brian_becker,cuba,defended,inferred,_mined,influencewatch.org,https://www.influencewatch.org/person/brian-becker/
827,brian_becker,venezuela,defended,inferred,_mined,influencewatch.org,https://www.influencewatch.org/person/brian-becker/
828,brian_becker,venezuela,sponsor,inferred,_mined,influencewatch.org,https://www.influencewatch.org/person/brian-becker/
829,answer,venezuela,sponsor,inferred,_mined,answercoalition.org,https://www.answercoalition.org/april_22_direct_from_venezuela
830,hub_revolutionary_communist_party_usa,p_refuse_fascism,founder,inferred,_mined,en.wikipedia.org,https://en.wikipedia.org/wiki/Refuse_Fascism
831,hub_revolutionary_communist_party_usa,p_refuse_fascism,affiliation,inferred,_mined,en.wikipedia.org,https://en.wikipedia.org/wiki/Refuse_Fascism
832,p_refuse_fascism,p_world_can_t_wait,shares_address,inferred,_mined,en.wikipedia.org,https://en.wikipedia.org/wiki/Refuse_Fascism
833,maduro,venezuela,president,inferred,_mined,therealnews.com,https://therealnews.com/international-election-observers-and-journalists-contest-claims-of-venezuela-election-fraud
834,tricontinental,cuba,named_after,inferred,_mined,sanctionstribunal.org,https://sanctionstribunal.org
835,hub_green_party,p_popular_resistance,affiliation,inferred,_mined,influencewatch.org,https://www.influencewatch.org/organization/kevin-zeese-emerging-activists-fund/
836,p_popular_resistance,p_kevin_zeese_emerging_activists_fund,founder,inferred,_mined,influencewatch.org,https://www.influencewatch.org/organization/kevin-zeese-emerging-activists-fund/
837,btm,khalek,contributor,inferred,_mined,en.wikipedia.org,https://en.wikipedia.org/wiki/BreakThrough_News
838,btm,puryear,host,inferred,_mined,en.wikipedia.org,https://en.wikipedia.org/wiki/BreakThrough_News
839,btm,khalek,host,inferred,_mined,en.wikipedia.org,https://en.wikipedia.org/wiki/BreakThrough_News
840,btm,brian_becker,host,inferred,_mined,en.wikipedia.org,https://en.wikipedia.org/wiki/BreakThrough_News
841,btm,ben_becker,editor,inferred,_mined,en.wikipedia.org,https://en.wikipedia.org/wiki/BreakThrough_News
842,btm,delacruz,secretary,inferred,_mined,thedailybeast.com,https://www.thedailybeast.com/neville-singham-funded-breakthrough-news-is-pushing-moscow-beijing-propaganda/
843,pf,btm,grant,inferred,_mined,en.wikipedia.org,https://en.wikipedia.org/wiki/BreakThrough_News
844,answer,delacruz,affiliation,inferred,_mined,en.wikipedia.org,https://en.wikipedia.org/wiki/BreakThrough_News
845,brian_becker,btm,contributor,inferred,_mined,en.wikipedia.org,https://en.wikipedia.org/wiki/BreakThrough_News
846,rub_alpha_66,cuba,active_in,inferred,_mined,en.wikipedia.org,https://en.wikipedia.org/wiki/Alpha_66
847,maduro,hub_hugo_chavez,praised,inferred,_mined,fightbacknews.org,https://fightbacknews.org/articles/venezuela-s-president-maduro-speaks-25th-sao-paulo-forum
848,souers,ipa,representative,inferred,_mined,consortiumnews.com,https://consortiumnews.com/2024/07/30/venezuela-as-us-leaders-call-fraud-us-observers-endorse-results/
849,maduro,hub_hugo_chavez,predecessor,inferred,_mined,consortiumnews.com,https://consortiumnews.com/2024/07/30/venezuela-as-us-leaders-call-fraud-us-observers-endorse-results/
850,croce,tricontinental,secretary,inferred,_mined,projects.propublica.org,https://projects.propublica.org/nonprofits/organizations/822882135
851,bugni,tricontinental,deputy_director,inferred,_mined,projects.propublica.org,https://projects.propublica.org/nonprofits/organizations/822882135
852,henderson,tricontinental,director,inferred,_mined,projects.propublica.org,https://projects.propublica.org/nonprofits/organizations/822882135
853,taylor,tricontinental,secretary,inferred,_mined,projects.propublica.org,https://projects.propublica.org/nonprofits/organizations/822882135
854,cuba,rub_canadian_network_on_cuba,affiliation,inferred,_mined,canadiannetworkoncuba.ca,https://canadiannetworkoncuba.ca/
855,ipa,maduro,endorsed,inferred,_mined,influencewatch.org,https://www.influencewatch.org/organization/international-peoples-assembly-ipa/
856,ipa,pi,co_signatory,inferred,_mined,influencewatch.org,https://www.influencewatch.org/organization/international-peoples-assembly-ipa/
857,rub_the_jericho_movement,samidoun,solidarity,inferred,_mined,thejerichomovement.com,https://thejerichomovement.com
858,kuang,maduro,endorsed,inferred,_mined,persuasion.community,https://www.persuasion.community/p/the-democratic-socialists-of-america
859,iran,rub_hezbollah,affiliation,inferred,_mined,en.wikipedia.org,https://en.wikipedia.org/wiki/Hezbollah
860,irgc,rub_hezbollah,affiliation,inferred,_mined,en.wikipedia.org,https://en.wikipedia.org/wiki/Hezbollah
861,chak,tricontinental,role,inferred,_mined,thetricontinental.org,https://thetricontinental.org/team/
862,dpaul,tfa,member,inferred,_mined,venezuelasolidaritynetwork.org,https://www.venezuelasolidaritynetwork.org/01282025
863,dpaul,dsa,member,inferred,_mined,venezuelasolidaritynetwork.org,https://www.venezuelasolidaritynetwork.org/01282025
864,clarkgollub,vsn,member,inferred,_mined,venezuelasolidaritynetwork.org,https://www.venezuelasolidaritynetwork.org/01282025
865,rub_students_for_a_democratic,rub_venceremos_brigade,affiliation,inferred,_mined,en.wikipedia.org,https://en.wikipedia.org/wiki/Students_for_a_Democratic_Society
866,rub_students_for_a_democratic,rub_weather_underground,secession,inferred,_mined,en.wikipedia.org,https://en.wikipedia.org/wiki/Students_for_a_Democratic_Society
867,venezuela,cuba,foreign_tie,inferred,_mined,rosalux.nyc,https://rosalux.nyc/cuba-is-being-strangled/
868,maduro,venezuela,candidate,inferred,_mined,peoplesforum.org,https://peoplesforum.org/venezuela-elections
870,hub_assata_shakur,rub_black_panther_party,member,inferred,_mined,en.wikipedia.org,https://en.wikipedia.org/wiki/Assata_Shakur
871,hub_assata_shakur,rub_may_19th_communist_organiz,associate,inferred,_mined,en.wikipedia.org,https://en.wikipedia.org/wiki/Assata_Shakur
872,hub_assata_shakur,cuba,political_asylum,inferred,_mined,en.wikipedia.org,https://en.wikipedia.org/wiki/Assata_Shakur
873,rub_p_alicia_garza,rub_p_opal_tometi,co_founder,inferred,_mined,en.wikipedia.org,https://en.wikipedia.org/wiki/Alicia_Garza
874,ipa,venezuela,hosted,inferred,_mined,en.wikipedia.org,https://en.wikipedia.org/wiki/International_Peoples%27_Assembly
875,ipa,cuba,hosted,inferred,_mined,en.wikipedia.org,https://en.wikipedia.org/wiki/International_Peoples%27_Assembly
876,nicanet,answer,member,inferred,_mined,influencewatch.org,https://www.influencewatch.org/non-profit/nicaragua-network/
877,hoyt,nicanet,co_director,inferred,_mined,influencewatch.org,https://www.influencewatch.org/non-profit/nicaragua-network/
878,rub_national_network_on_cuba,cuba,supports,confirmed,_mined,nnoc.org,https://nnoc.org
879,rub_p_gustavo_petro,venezuela,foreign_tie,inferred,_mined,en.wikipedia.org,https://en.wikipedia.org/wiki/Gustavo_Petro
880,per_sunsara_taylor,p_world_can_t_wait,chaired,inferred,_mined,en.wikipedia.org,https://en.wikipedia.org/wiki/The_World_Can%27t_Wait
881,per_sunsara_taylor,hub_revolutionary_communist_party_usa,supporter,inferred,_mined,en.wikipedia.org,https://en.wikipedia.org/wiki/The_World_Can%27t_Wait
882,per_debra_sweet,hub_revolutionary_communist_party_usa,supporter,inferred,_mined,en.wikipedia.org,https://en.wikipedia.org/wiki/The_World_Can%27t_Wait
883,hub_revolutionary_communist_party_usa,p_world_can_t_wait,affiliation,inferred,_mined,en.wikipedia.org,https://en.wikipedia.org/wiki/The_World_Can%27t_Wait
884,hub_revolutionary_communist_party_usa,p_world_can_t_wait,initiated,inferred,_mined,en.wikipedia.org,https://en.wikipedia.org/wiki/The_World_Can%27t_Wait
885,ensler,per_cindy_sheehan,co_signatory,inferred,_mined,en.wikipedia.org,https://en.wikipedia.org/wiki/The_World_Can%27t_Wait
886,p_world_can_t_wait,per_cindy_sheehan,supporter,inferred,_mined,en.wikipedia.org,https://en.wikipedia.org/wiki/The_World_Can%27t_Wait
887,p_world_can_t_wait,ensler,supporter,inferred,_mined,en.wikipedia.org,https://en.wikipedia.org/wiki/The_World_Can%27t_Wait
888,p_world_can_t_wait,p_refuse_fascism,shares_address,inferred,_mined,en.wikipedia.org,https://en.wikipedia.org/wiki/The_World_Can%27t_Wait
889,rub_p_angela_davis,rub_communist_party_usa,member,inferred,_mined,en.wikipedia.org,https://en.wikipedia.org/wiki/Angela_Davis
890,rub_p_angela_davis,rub_black_panther_party,member,inferred,_mined,en.wikipedia.org,https://en.wikipedia.org/wiki/Angela_Davis
893,german_gov,p_coalition_of_women_for_peace,funds,inferred,_mined,ngo-monitor.org,https://ngo-monitor.org/ngos/coalition_of_women_for_peace/
894,german_gov,p_coalition_of_women_for_peace,partner,inferred,_mined,ngo-monitor.org,https://ngo-monitor.org/ngos/coalition_of_women_for_peace/
895,p_coalition_of_women_for_peace,hub_women_in_black,member,inferred,_mined,ngo-monitor.org,https://ngo-monitor.org/ngos/coalition_of_women_for_peace/
896,rub_black_panther_party,rub_student_nonviolent_coordin,affiliation,inferred,_mined,en.wikipedia.org,https://en.wikipedia.org/wiki/Student_Nonviolent_Coordinating_Committee
897,per_meghan_maurus,nlg,coordinator,inferred,_mined,nacle.com,https://www.nacle.com/CLE/Courses/Protest-Lawyering-Theory-and-Practice-460
898,rub_democratic_front_for_the_l,pflp,split,inferred,_mined,en.wikipedia.org,https://en.wikipedia.org/wiki/Democratic_Front_for_the_Liberation_of_Palestine
900,per_elisabeth_epps,wfp,member,inferred,_mined,elisabethepps.com,https://www.elisabethepps.com/meet-elisabeth
901,per_elisabeth_epps,dsa,member,inferred,_mined,elisabethepps.com,https://www.elisabethepps.com/meet-elisabeth
902,rub_p_leonard_boudin,nlg,member,inferred,_mined,en.wikipedia.org,https://en.wikipedia.org/wiki/Leonard_Boudin
904,per_taureen_tory_russell,per_tef_poe,co_founder,inferred,_mined,archive.thinkprogress.org,https://archive.thinkprogress.org/as-verdict-looms-in-ferguson-activists-play-the-long-game-eb069e39181f/
905,rub_cuban_american_national_fo,cuba,opposes,inferred,_mined,en.wikipedia.org,https://en.wikipedia.org/wiki/Cuban_American_National_Foundation
906,rub_cuban_american_national_fo,cuba,advocated_isolation_of,inferred,_mined,en.wikipedia.org,https://en.wikipedia.org/wiki/Cuban_American_National_Foundation
907,per_rebecca_heinegg,ccr,intern,inferred,_mined,kunstlerlaw.net,https://kunstlerlaw.net/index.php/rebecca-heinegg/
908,rub_p_george_galloway,russia,foreign_tie,inferred,_mined,en.wikipedia.org,https://en.wikipedia.org/wiki/George_Galloway
909,pflp,rub_hamas,collaborator,inferred,_mined,en.wikipedia.org,https://en.wikipedia.org/wiki/Popular_Front_for_the_Liberation_of_Palestine
910,iran,rub_palestinian_islamic_jihad,funds,inferred,_mined,en.wikipedia.org,https://en.wikipedia.org/wiki/Palestinian_Islamic_Jihad
911,rub_hamas,rub_palestinian_islamic_jihad,collaborator,inferred,_mined,en.wikipedia.org,https://en.wikipedia.org/wiki/Palestinian_Islamic_Jihad
912,rub_palestinian_islamic_jihad,rub_hezbollah,foreign_tie,inferred,_mined,en.wikipedia.org,https://en.wikipedia.org/wiki/Palestinian_Islamic_Jihad
913,pflp,rub_palestinian_islamic_jihad,collaborator,inferred,_mined,en.wikipedia.org,https://en.wikipedia.org/wiki/Palestinian_Islamic_Jihad
914,per_banbose_shango,rub_national_network_on_cuba,co_chair,inferred,_mined,okgazette.com,https://www.okgazette.com/arts-culture/strong-spines-3804530
915,cuba,icap,affiliation,inferred,_mined,fgbrdkuba.de,https://www.fgbrdkuba.de/
916,per_cheri_honkala,hub_hugo_chavez,met,inferred,_mined,economichumanrights.org,https://www.economichumanrights.org/speaking-engagements/
917,prashad,singham,associate,inferred,_mined,en.wikipedia.org,https://en.wikipedia.org/wiki/Vijay_Prashad
919,rub_brothers_to_the_rescue,cuba,opposes,inferred,_mined,en.wikipedia.org,https://en.wikipedia.org/wiki/Brothers_to_the_Rescue
920,rub_faln,rub_macheteros,collaborator,inferred,_mined,en.wikipedia.org,https://en.wikipedia.org/wiki/Macheteros
921,per_maurice_cook,brian_becker,appeared_with,inferred,_mined,sputnikglobe.com,https://sputnikglobe.com/20200627/huge-covid-spikes-in-us-as-trump-tries-to-cut-health-care-for-millions-1079731935.html
922,per_frank_avellone,hub_lawyers_better_housing,role,inferred,_mined,lcbh.org,https://lcbh.org/lcbh-helps-save-the-kcro/
923,hub_lawyers_better_housing,p_chicago_housing_justice_league,affiliation,inferred,_mined,lcbh.org,https://lcbh.org/lcbh-helps-save-the-kcro/
924,hub_communities_united,p_chicago_housing_justice_league,affiliation,inferred,_mined,lcbh.org,https://lcbh.org/lcbh-helps-save-the-kcro/
925,pf,prashad,hosted,inferred,_mined,influencewatch.org,https://www.influencewatch.org/non-profit/the-peoples-forum/
926,pf,samidoun,co_signatory,inferred,_mined,influencewatch.org,https://www.influencewatch.org/non-profit/the-peoples-forum/
927,chung,pf,director,inferred,_mined,influencewatch.org,https://www.influencewatch.org/non-profit/the-peoples-forum/
928,singham,chung,funds,inferred,_mined,influencewatch.org,https://www.influencewatch.org/non-profit/the-peoples-forum/
929,answer,codepink,partners,inferred,_mined,influencewatch.org,https://www.influencewatch.org/non-profit/the-peoples-forum/
930,answer,psl,partners,inferred,_mined,influencewatch.org,https://www.influencewatch.org/non-profit/the-peoples-forum/
931,answer,pf,partners,inferred,_mined,influencewatch.org,https://www.influencewatch.org/non-profit/the-peoples-forum/
932,dsa,pf,partners,inferred,_mined,influencewatch.org,https://www.influencewatch.org/non-profit/the-peoples-forum/
933,rub_black_liberation_army,rub_black_panther_party,split,inferred,_mined,en.wikipedia.org,https://en.wikipedia.org/wiki/Black_Liberation_Army
934,rub_black_liberation_army,rub_black_panther_party,affiliation,inferred,_mined,en.wikipedia.org,https://en.wikipedia.org/wiki/Black_Liberation_Army
935,rub_black_liberation_army,rub_republic_of_new_afrika,affiliation,inferred,_mined,en.wikipedia.org,https://en.wikipedia.org/wiki/Black_Liberation_Army
936,evans,ipa,member,inferred,_mined,foxnews.com,https://www.foxnews.com/politics/second-front-how-socialist-cell-us-mobilized-pro-maduro-foot-soldiers-within-12-hours.amp
937,delossantos,tricontinental,associate,inferred,_mined,foxnews.com,https://www.foxnews.com/politics/second-front-how-socialist-cell-us-mobilized-pro-maduro-foot-soldiers-within-12-hours.amp
938,delacruz,ipa,attended,inferred,_mined,foxnews.com,https://www.foxnews.com/politics/second-front-how-socialist-cell-us-mobilized-pro-maduro-foot-soldiers-within-12-hours.amp
939,rub_p_opal_tometi,rub_p_alicia_garza,contacted,inferred,_mined,en.wikipedia.org,https://en.wikipedia.org/wiki/Opal_Tometi
940,venezuela,rub_p_opal_tometi,invited,inferred,_mined,en.wikipedia.org,https://en.wikipedia.org/wiki/Opal_Tometi
941,alvin_benjamin,benjamin,relative,inferred,_mined,discoverthenetworks.org,https://www.discoverthenetworks.org/individuals/medea-benjamin/
943,benjamin,rub_students_for_a_democratic,member,inferred,_mined,en.wikipedia.org,https://en.wikipedia.org/wiki/Medea_Benjamin
944,benjamin,hub_green_party,affiliation,inferred,_mined,en.wikipedia.org,https://en.wikipedia.org/wiki/Medea_Benjamin
945,benjamin,hub_green_shadow_cabinet,role,inferred,_mined,en.wikipedia.org,https://en.wikipedia.org/wiki/Medea_Benjamin
946,benjamin,cuba,aided,inferred,_mined,en.wikipedia.org,https://en.wikipedia.org/wiki/Medea_Benjamin
947,codepink,cuba,aided,inferred,_mined,en.wikipedia.org,https://en.wikipedia.org/wiki/Medea_Benjamin
948,p_stop_mass_incarceration_network,per_carl_dix,co_founder,inferred,_mined,revcom.us,https://revcom.us/movement-for-revolution/stop-mass-incarceration/stop-mass-incarceration-carl-dix.html
949,rub_p_nayef_hawatmeh,pflp,founder,inferred,_mined,en.wikipedia.org,https://en.wikipedia.org/wiki/Nayef_Hawatmeh
950,per_makayla_heiser,codepink,campaign_manager,inferred,_mined,influencewatch.org,https://www.influencewatch.org/organization/united-states-against-sweatshops/
951,psl,answer,founder,inferred,_mined,globalsecurity.org,https://www.globalsecurity.org/military/world/usa/government/political-parties-psl.htm
952,psl,tricontinental,foreign_tie,inferred,_mined,globalsecurity.org,https://www.globalsecurity.org/military/world/usa/government/political-parties-psl.htm
953,prashad,btm,role,inferred,_mined,globalsecurity.org,https://www.globalsecurity.org/military/world/usa/government/political-parties-psl.htm
954,benjamin,evans,co_founder,inferred,_mined,en.wikipedia.org,https://en.wikipedia.org/wiki/Jodie_Evans
955,iran,new_horizon,affiliation,inferred,_mined,home.treasury.gov,https://home.treasury.gov/news/press-releases/sm611
956,ann_wright,codepink,director,inferred,_mined,projects.propublica.org,https://projects.propublica.org/nonprofits/organizations/262823386
957,codepink,china,advocates,inferred,_mined,newlinesmag.com,https://newlinesmag.com/reportage/the-big-business-of-uyghur-genocide-denial/
958,psf,ucf,funds,inferred,_mined,newlinesmag.com,https://newlinesmag.com/reportage/the-big-business-of-uyghur-genocide-denial/
959,rub_may_19th_communist_organiz,rub_weather_underground,formed_by,inferred,_mined,en.wikipedia.org,https://en.wikipedia.org/wiki/May_19th_Communist_Organization
960,rub_may_19th_communist_organiz,rub_black_liberation_army,combination,inferred,_mined,en.wikipedia.org,https://en.wikipedia.org/wiki/May_19th_Communist_Organization
961,rub_may_19th_communist_organiz,rub_weather_underground,combination,inferred,_mined,en.wikipedia.org,https://en.wikipedia.org/wiki/May_19th_Communist_Organization
962,per_kevin_zeese,per_margaret_flowers,partner,inferred,_mined,gp.org,https://www.gp.org/2018_sc_elections
963,press_tv,iran,located_in,inferred,_mined,sanctionssearch.ofac.treas.gov,https://sanctionssearch.ofac.treas.gov/Details.aspx?id=45062
964,jvp,hub_ifnotnow,co-organizer,inferred,_mined,adl.org,https://www.adl.org/resources/backgrounder/jewish-voice-peace-jvp
965,jvp,rub_hamas,justified,inferred,_mined,adl.org,https://www.adl.org/resources/backgrounder/jewish-voice-peace-jvp
966,per_pat_alviso,hub_military_families_speak_out,coordinator,inferred,_mined,nnomy.org,https://www.nnomy.org/about-us/steering-committee
967,per_banbose_shango,afgj,director,inferred,_mined,projects.propublica.org,https://projects.propublica.org/nonprofits/organizations/522094677
968,per_nathan_sheard,afgj,director,inferred,_mined,projects.propublica.org,https://projects.propublica.org/nonprofits/organizations/522094677
969,per_dakotah_lilly,per_cindy_sheehan,attended,inferred,_mined,cindysheehanssoapbox.blogspot.com,https://cindysheehanssoapbox.blogspot.com/2018/02/?m=0
970,per_dakotah_lilly,venezuela,attended,inferred,_mined,cindysheehanssoapbox.blogspot.com,https://cindysheehanssoapbox.blogspot.com/2018/02/?m=0
971,rub_fair_play_for_cuba_committ,cuba,organized trips to,inferred,_mined,en.wikipedia.org,https://en.wikipedia.org/wiki/Fair_Play_for_Cuba_Committee
972,rub_fair_play_for_cuba_committ,rub_p_robert_f_williams,associate,inferred,_mined,en.wikipedia.org,https://en.wikipedia.org/wiki/Fair_Play_for_Cuba_Committee
973,rub_p_robert_f_williams,rub_republic_of_new_afrika,president,inferred,_mined,en.wikipedia.org,https://en.wikipedia.org/wiki/Robert_F._Williams
974,rub_p_robert_f_williams,cuba,traveled_to,inferred,_mined,en.wikipedia.org,https://en.wikipedia.org/wiki/Robert_F._Williams
975,rub_p_robert_f_williams,china,traveled_to,inferred,_mined,en.wikipedia.org,https://en.wikipedia.org/wiki/Robert_F._Williams
976,rub_p_bernardine_dohrn,rub_p_bill_ayers,spouse,inferred,_mined,en.wikipedia.org,https://en.wikipedia.org/wiki/Bernardine_Dohrn
977,rub_p_bernardine_dohrn,nlg,organizer,inferred,_mined,en.wikipedia.org,https://en.wikipedia.org/wiki/Bernardine_Dohrn
978,rub_p_bernardine_dohrn,rub_students_for_a_democratic,officer,inferred,_mined,en.wikipedia.org,https://en.wikipedia.org/wiki/Bernardine_Dohrn
979,rub_p_bernardine_dohrn,rub_p_bill_ayers,collaborator,inferred,_mined,en.wikipedia.org,https://en.wikipedia.org/wiki/Bernardine_Dohrn
980,p_interoccupy,hub_occupy_wall_street,began_with,inferred,_mined,influencewatch.org,https://www.influencewatch.org/organization/interoccupy/
981,codepink,iran,traveled_to,inferred,_mined,codepink.org,https://www.codepink.org/pretrip
982,benjamin,ann_wright,traveled_with,inferred,_mined,codepink.org,https://www.codepink.org/pretrip
983,per_kevin_zeese,per_margaret_flowers,co_founder,inferred,_mined,en.wikipedia.org,https://en.wikipedia.org/wiki/Kevin_Zeese
984,codepink,per_kevin_zeese,associate,inferred,_mined,en.wikipedia.org,https://en.wikipedia.org/wiki/Kevin_Zeese
985,benjamin,per_kevin_zeese,associate,inferred,_mined,en.wikipedia.org,https://en.wikipedia.org/wiki/Kevin_Zeese
986,maduro,per_kevin_zeese,associate,inferred,_mined,en.wikipedia.org,https://en.wikipedia.org/wiki/Kevin_Zeese
987,hub_green_party,per_kevin_zeese,associate,inferred,_mined,en.wikipedia.org,https://en.wikipedia.org/wiki/Kevin_Zeese
988,per_kevin_zeese,per_margaret_flowers,associate,inferred,_mined,en.wikipedia.org,https://en.wikipedia.org/wiki/Kevin_Zeese
990,zarif,iran,role,inferred,_mined,codepink.org,https://www.codepink.org/day_3
991,ann_wright,benjamin,collaborator,inferred,_mined,codepink.org,https://www.codepink.org/day_3
992,rub_p_paul_larudee,iran,born_in,inferred,_mined,en.wikipedia.org,https://en.wikipedia.org/wiki/Paul_Larudee
993,rub_p_paul_larudee,press_tv,appeared_on,inferred,_mined,en.wikipedia.org,https://en.wikipedia.org/wiki/Paul_Larudee
994,rub_p_paul_larudee,rub_hamas,met,inferred,_mined,en.wikipedia.org,https://en.wikipedia.org/wiki/Paul_Larudee
995,afgj,rub_national_network_on_cuba,member,inferred,_mined,nnoc.org,https://nnoc.org/member-orgs/
996,ips,rub_national_network_on_cuba,member,inferred,_mined,nnoc.org,https://nnoc.org/member-orgs/
997,ann_wright,benjamin,associate,inferred,_mined,codepink.org,https://www.codepink.org/day_2
998,press_tv,hispantv,spanish_version,inferred,_mined,en.wikipedia.org,https://en.wikipedia.org/wiki/HispanTV
999,per_kevin_zeese,per_margaret_flowers,co-arrested,inferred,_mined,popularresistance.org,https://popularresistance.org/declaration-of-the-embassy-protection-collective/
1000,per_kevin_zeese,dpaul,co-arrested,inferred,_mined,popularresistance.org,https://popularresistance.org/declaration-of-the-embassy-protection-collective/
1001,per_margaret_flowers,dpaul,co-arrested,inferred,_mined,popularresistance.org,https://popularresistance.org/declaration-of-the-embassy-protection-collective/
1002,rub_weather_underground,rub_students_for_a_democratic,split_from,inferred,_mined,en.wikipedia.org,https://en.wikipedia.org/wiki/Weather_Underground
1003,rub_weather_underground,rub_may_19th_communist_organiz,succeeded,inferred,_mined,en.wikipedia.org,https://en.wikipedia.org/wiki/Weather_Underground
1004,rub_black_panther_party,rub_weather_underground,associate,inferred,_mined,en.wikipedia.org,https://en.wikipedia.org/wiki/Weather_Underground
1005,cuba,rub_weather_underground,funds,inferred,_mined,en.wikipedia.org,https://en.wikipedia.org/wiki/Weather_Underground
1006,rub_weather_underground,rub_may_19th_communist_organiz,member,inferred,_mined,en.wikipedia.org,https://en.wikipedia.org/wiki/Weather_Underground
1009,singham,hub_hugo_chavez,praised,inferred,_mined,en.wikipedia.org,https://en.wikipedia.org/wiki/Neville_Roy_Singham
1010,singham,ipa,funds,inferred,_mined,en.wikipedia.org,https://en.wikipedia.org/wiki/Neville_Roy_Singham
1011,singham,answer,network,inferred,_mined,en.wikipedia.org,https://en.wikipedia.org/wiki/Neville_Roy_Singham
1012,codepink,china,foreign_tie,inferred,_mined,banks.senate.gov,https://www.banks.senate.gov/news/press-releases/senator-jim-banks-to-attorney-general-bondi-i-urge-you-to-investigate-code-pink-for-potential-violations-of-fara/
1013,afgj,answer,helped_form,inferred,_mined,influencewatch.org,https://www.influencewatch.org/non-profit/alliance-for-global-justice/
1014,afgj,hub_occupy_wall_street,fiscal_sponsor,inferred,_mined,influencewatch.org,https://www.influencewatch.org/non-profit/alliance-for-global-justice/
1015,afgj,cuba,advocated_for,inferred,_mined,influencewatch.org,https://www.influencewatch.org/non-profit/alliance-for-global-justice/
1016,jordan,cuba,attended,inferred,_mined,influencewatch.org,https://www.influencewatch.org/non-profit/alliance-for-global-justice/
1017,afgj,maduro,advocate,inferred,_mined,influencewatch.org,https://www.influencewatch.org/non-profit/alliance-for-global-justice/
1018,afgj,bap,co_signatory,inferred,_mined,influencewatch.org,https://www.influencewatch.org/non-profit/alliance-for-global-justice/
1019,afgj,vsn,co_signatory,inferred,_mined,influencewatch.org,https://www.influencewatch.org/non-profit/alliance-for-global-justice/
1020,afgj,uspc,co_signatory,inferred,_mined,influencewatch.org,https://www.influencewatch.org/non-profit/alliance-for-global-justice/
1021,afgj,codepink,co_signatory,inferred,_mined,influencewatch.org,https://www.influencewatch.org/non-profit/alliance-for-global-justice/
1022,afgj,tfa,co_signatory,inferred,_mined,influencewatch.org,https://www.influencewatch.org/non-profit/alliance-for-global-justice/
1023,afgj,frso,co_signatory,inferred,_mined,influencewatch.org,https://www.influencewatch.org/non-profit/alliance-for-global-justice/
1024,afgj,nlg,co_signatory,inferred,_mined,influencewatch.org,https://www.influencewatch.org/non-profit/alliance-for-global-justice/
1025,codepink,pi,affiliation,inferred,_mined,en.wikipedia.org,https://en.wikipedia.org/wiki/Code_Pink
1026,codepink,fsp,attended,inferred,_mined,en.wikipedia.org,https://en.wikipedia.org/wiki/Code_Pink
1027,codepink,venezuela,visited,inferred,_mined,en.wikipedia.org,https://en.wikipedia.org/wiki/Code_Pink
1028,codepink,maduro,met,inferred,_mined,en.wikipedia.org,https://en.wikipedia.org/wiki/Code_Pink
1029,benjamin,rub_hamas,coordinator,inferred,_mined,en.wikipedia.org,https://en.wikipedia.org/wiki/Code_Pink
1030,alvin_benjamin,rose_benjamin,spouse,inferred,_mined,influencewatch.org,https://www.influencewatch.org/non-profit/benjamin-fund/
1031,benjamin,danaher,relative,inferred,_mined,influencewatch.org,https://www.influencewatch.org/non-profit/benjamin-fund/
1032,benjamin,rub_p_bill_ayers,associate,inferred,_mined,influencewatch.org,https://www.influencewatch.org/non-profit/benjamin-fund/
1033,rub_p_gerardo_hern_ndez,rub_alpha_66,infiltrated,inferred,_mined,en.wikipedia.org,https://en.wikipedia.org/wiki/Cuban_Five
1034,rub_p_antonio_guerrero,rub_alpha_66,infiltrated,inferred,_mined,en.wikipedia.org,https://en.wikipedia.org/wiki/Cuban_Five
1035,rub_p_ram_n_laba_ino,rub_alpha_66,infiltrated,inferred,_mined,en.wikipedia.org,https://en.wikipedia.org/wiki/Cuban_Five
1036,rub_p_ren_gonz_lez,rub_alpha_66,infiltrated,inferred,_mined,en.wikipedia.org,https://en.wikipedia.org/wiki/Cuban_Five
1037,rub_p_gerardo_hern_ndez,rub_cuban_american_national_fo,infiltrated,inferred,_mined,en.wikipedia.org,https://en.wikipedia.org/wiki/Cuban_Five
1038,rub_p_antonio_guerrero,rub_cuban_american_national_fo,infiltrated,inferred,_mined,en.wikipedia.org,https://en.wikipedia.org/wiki/Cuban_Five
1039,rub_p_ram_n_laba_ino,rub_cuban_american_national_fo,infiltrated,inferred,_mined,en.wikipedia.org,https://en.wikipedia.org/wiki/Cuban_Five
1040,rub_p_ren_gonz_lez,rub_cuban_american_national_fo,infiltrated,inferred,_mined,en.wikipedia.org,https://en.wikipedia.org/wiki/Cuban_Five
1041,rub_p_gerardo_hern_ndez,rub_brothers_to_the_rescue,infiltrated,inferred,_mined,en.wikipedia.org,https://en.wikipedia.org/wiki/Cuban_Five
1042,hub_occupy_sandy,hub_occupy_wall_street,split_from,inferred,_mined,influencewatch.org,https://www.influencewatch.org/non-profit/movement-netlab/
1043,zarif,codepink,met,inferred,_mined,democracynow.org,https://www.democracynow.org/2019/2/27/codepinks_medea_benjamin_on_peace_delegation
1044,rub_ifco_pastors_for_peace,cuba,delegation,confirmed,delegations,indypendent.org,https://indypendent.org/2022/07/30th-friendshipment-caravan-en-route-to-cuba-with-94-members-and-four-tons-of-aid
1045,rub_international_may_day_brig,cuba,delegation,confirmed,delegations,nnoc.org,https://nnoc.org/medical-aid-caravan
1046,global_exchange,venezuela,delegation,confirmed,delegations,globalexchange.org,https://globalexchange.org/school-college-tours
1047,hatuey,icap,hosted_by,confirmed,delegations,hatueyproject.org,https://www.hatueyproject.org/news/
1049,global_exchange,rub_amistur_cuba_sa,books_through,confirmed,delegations,afrocubaweb.com,https://www.afrocubaweb.com/globalexch.htm
1050,rub_amistur_cuba_sa,icap,owned_by,confirmed,delegations,afrocubaweb.com,https://www.afrocubaweb.com/globalexch.htm
1051,lariva,hatuey,delegate,confirmed,delegations,hatueyproject.org,https://www.hatueyproject.org/news/claridad-solidarity-groups-in-the-us-deliver-medical-aid-for-children-with-cancer-in-cuba
1052,hub_andira_alves,hatuey,delegate,confirmed,delegations,hatueyproject.org,https://www.hatueyproject.org/news/cuba-thanks-hatuey-solidarity-group-from-the-us-for-donations-of-medicines
1053,richard_becker,hatuey,delegate,confirmed,delegations,hatueyproject.org,https://www.hatueyproject.org/news
1054,icap,rub_venceremos_brigade,hosted,confirmed,rubio-cuba,plenglish.com,https://www.plenglish.com/news/2026/08/04/international-activists-solidarity-acknowledged-in-cuba
1055,icap,inv_juan_ruiz_rivera_brigade,hosted,confirmed,rubio-cuba,plenglish.com,https://www.plenglish.com/news/2026/08/04/international-activists-solidarity-acknowledged-in-cuba
1056,rub_african_national_congress,icap,supported,confirmed,rubio-cuba,plenglish.com,https://www.plenglish.com/news/2023/02/28/icap-delegation-winds-up-visit-to-south-africa/?page=2
1057,inv_sacp,icap,supported,confirmed,rubio-cuba,plenglish.com,https://www.plenglish.com/news/2023/02/28/icap-delegation-winds-up-visit-to-south-africa/?page=2
1058,inv_cosatu,icap,supported,confirmed,rubio-cuba,plenglish.com,https://www.plenglish.com/news/2023/02/28/icap-delegation-winds-up-visit-to-south-africa/?page=2
