edge_idx,source,target,relation,confidence,slices,domains,source_types,has_official_record,only_advocacy_research,only_encyclopedic,only_movement_or_self,wayback_urls
0,abbott,uk_labour,member,confirmed,rls-germany,en.wikipedia.org,encyclopedic,0,0,1,0,0
1,afgj,ev_nica_delegation_2021,organized,confirmed,latam-solidarity,afgj.org,movement_or_self,0,0,0,1,0
2,afgj,ev_nica_election_2021,endorsed,inferred,latam-solidarity,influencewatch.org,advocacy_research,0,1,0,0,0
3,afgj,ev_vz_election_2024,accompanied,confirmed,latam-solidarity,afgj.org,movement_or_self,0,0,0,1,0
4,afgj,ev_vz_election_2024,endorsed,confirmed,latam-solidarity,peoplesforum.org,movement_or_self,0,0,0,1,0
5,afgj,hatuey,fiscal_sponsor,confirmed,hatuey,afgj.org|influencewatch.org|radiohc.cu|influencewatch.org,advocacy_research|movement_or_self|other,0,0,0,0,1
6,nicanet,afgj,project_of,confirmed,latam-solidarity,afgj.org|afgj.org,movement_or_self,0,0,0,1,0
7,afgj,p_411_collective,fiscal_sponsor,confirmed,afgj-projects,411collective.com|influencewatch.org|afgj.org|influencewatch.org,advocacy_research|movement_or_self|other,0,0,0,0,1
8,afgj,p_action_bail_fund,fiscal_sponsor,confirmed,afgj-projects,afgj.salsalabs.org|influencewatch.org|afgj.org|influencewatch.org,advocacy_research|movement_or_self|other_org_site,0,0,0,0,1
9,afgj,p_adastra,fiscal_sponsor,confirmed,afgj-interlock|afgj-projects,adastra.management|influencewatch.org|afgj.org|influencewatch.org,advocacy_research|movement_or_self,0,0,0,0,1
10,afgj,p_african_awareness_association,fiscal_sponsor,confirmed,afgj-projects,aaa-cubatours.com|afgj.org|influencewatch.org,advocacy_research|movement_or_self|other,0,0,0,0,1
11,afgj,p_alianza_ind_gena_sin_fronteras_indigen,fiscal_sponsor,confirmed,afgj-interlock|afgj-projects,ushrnetwork.org|afgj.org|influencewatch.org,advocacy_research|movement_or_self|other_org_site,0,0,0,0,1
12,afgj,p_amigos_de_la_playa,fiscal_sponsor,confirmed,afgj-projects,facebook.com|afgj.org|influencewatch.org,advocacy_research|movement_or_self|social,0,0,0,0,1
13,afgj,p_arizona_educators_united,fiscal_sponsor,confirmed,afgj-projects,psuaaup.net|influencewatch.org|afgj.org|influencewatch.org,advocacy_research|movement_or_self|other,0,0,0,0,1
14,afgj,p_arizona_palestine_solidarity_alliance,fiscal_sponsor,confirmed,afgj-interlock|afgj-projects,arizonapalestine.org|influencewatch.org|afgj.org|influencewatch.org,advocacy_research|movement_or_self|other_org_site,0,0,0,0,1
15,afgj,p_asotrecol,fiscal_sponsor,confirmed,afgj-projects,dol.gov|influencewatch.org|afgj.org|automotiveworkers.org|truthout.org|influencewatch.org,advocacy_research|government|movement_or_self|news|other_org_site,0,0,0,0,1
16,afgj,p_assata_s_daughters,fiscal_sponsor,confirmed,afgj-interlock|afgj-projects,assatasdaughters.org|influencewatch.org|afgj.org|assatasdaughters.org|wbez.org|influencewatch.org,advocacy_research|movement_or_self|other_org_site,0,0,0,0,1
17,afgj,p_az_jobs_with_justice,fiscal_sponsor,confirmed,afgj-projects,jwj.org|influencewatch.org|afgj.org|influencewatch.org,advocacy_research|movement_or_self|other_org_site,0,0,0,0,1
18,afgj,p_beef_relief,fiscal_sponsor,confirmed,afgj-projects,beefrelief.org|influencewatch.org|afgj.org|influencewatch.org,advocacy_research|movement_or_self|other_org_site,0,0,0,0,1
19,afgj,p_black_and_pink_ma,fiscal_sponsor,confirmed,afgj-interlock|afgj-projects,influencewatch.org|afgj.org|influencewatch.org,advocacy_research|movement_or_self,0,0,0,0,1
20,afgj,p_black_lives_matter_oklahoma_city,fiscal_sponsor,confirmed,afgj-interlock|afgj-projects,blmokc.com|influencewatch.org|afgj.org|influencewatch.org,advocacy_research|movement_or_self|other,0,0,0,0,1
21,afgj,p_black_lives_matter_tucson,fiscal_sponsor,confirmed,afgj-projects,afgj.org|influencewatch.org,advocacy_research|movement_or_self,0,0,0,0,1
22,afgj,p_black_movement_law_project,fiscal_sponsor,confirmed,afgj-interlock|afgj-projects,influencewatch.org|afgj.org|influencewatch.org,advocacy_research|movement_or_self,0,0,0,0,1
23,afgj,p_black_trans_media,fiscal_sponsor,confirmed,afgj-projects,influencewatch.org|afgj.org|influencewatch.org,advocacy_research|movement_or_self,0,0,0,0,1
24,afgj,p_black_trans_travel_fund,fiscal_sponsor,confirmed,afgj-interlock|afgj-projects,blacktranstravelfund.com|influencewatch.org|afgj.org|influencewatch.org,advocacy_research|movement_or_self|other,0,0,0,0,1
25,afgj,p_bukit_bail_fund_of_pittsburgh,fiscal_sponsor,confirmed,afgj-projects,afgj.org|influencewatch.org,advocacy_research|movement_or_self,0,0,0,0,1
26,afgj,p_bv_solidarity_project,fiscal_sponsor,confirmed,afgj-projects,afgj.org|iacenter.org|foxnews.com|influencewatch.org,advocacy_research|movement_or_self|other_org_site,0,0,0,0,1
27,afgj,p_camino_com_n,fiscal_sponsor,confirmed,afgj-projects,afgj.org|influencewatch.org,advocacy_research|movement_or_self,0,0,0,0,0
28,afgj,p_central_ohio_freedom_fund,fiscal_sponsor,confirmed,afgj-projects,facebook.com|afgj.org|influencewatch.org,advocacy_research|movement_or_self|social,0,0,0,0,1
29,afgj,p_centro_de_derechos_humanos_del_pac_fic,fiscal_sponsor,confirmed,afgj-projects,afgj.org|keywiki.org|afgj.org|afgj.org|afgj.salsalabs.org|influencewatch.org|afgj.org,advocacy_research|movement_or_self|other_org_site,0,0,0,0,1
30,afgj,p_centro_solidario_de_puerto_rico,fiscal_sponsor,confirmed,afgj-projects,afgj.org|influencewatch.org,advocacy_research|movement_or_self,0,0,0,0,1
31,afgj,p_change_links_newspaper,fiscal_sponsor,confirmed,afgj-interlock|afgj-projects,afgj.org|influencewatch.org,advocacy_research|movement_or_self,0,0,0,0,1
32,afgj,p_chicago_housing_initiative,fiscal_sponsor,confirmed,afgj-interlock|afgj-projects,afgj.org|influencewatch.org,advocacy_research|movement_or_self,0,0,0,0,1
33,afgj,p_chicago_housing_justice_league,fiscal_sponsor,confirmed,afgj-interlock|afgj-projects,afgj.org|influencewatch.org,advocacy_research|movement_or_self,0,0,0,0,1
34,afgj,p_chico_mendes_reforestation_project,fiscal_sponsor,confirmed,afgj-projects,afgj.org|influencewatch.org,advocacy_research|movement_or_self,0,0,0,0,1
35,afgj,p_cindy_sheehan_s_soapbox,fiscal_sponsor,confirmed,afgj-interlock|afgj-projects,afgj.org|nbcnews.com|afgj.salsalabs.org|influencewatch.org,advocacy_research|movement_or_self|news|other_org_site,0,0,0,0,1
36,afgj,p_clean_up_the_mines,fiscal_sponsor,confirmed,afgj-projects,afgj.org|influencewatch.org,advocacy_research|movement_or_self,0,0,0,0,1
37,afgj,p_coalition_of_women_for_peace,fiscal_sponsor,confirmed,afgj-interlock|afgj-projects,afgj.org|ngo-monitor.org|influencewatch.org|influencewatch.org,advocacy_research|movement_or_self,0,0,0,0,1
38,afgj,p_colorado_freedom_fund,fiscal_sponsor,confirmed,afgj-interlock|afgj-projects,afgj.org|influencewatch.org,advocacy_research|movement_or_self,0,0,0,0,1
39,afgj,p_community_action_relief_project,fiscal_sponsor,confirmed,afgj-projects,afgj.org|influencewatch.org,advocacy_research|movement_or_self,0,0,0,0,1
40,afgj,p_corporate_genome_project,fiscal_sponsor,confirmed,afgj-interlock|afgj-projects,corporategenomeproject.org|afgj.org|influencewatch.org,advocacy_research|movement_or_self|other_org_site,0,0,0,0,1
41,afgj,p_creating_a_more_beloved_community_film,fiscal_sponsor,confirmed,afgj-projects,afgj.org|influencewatch.org,advocacy_research|movement_or_self,0,0,0,0,1
42,afgj,p_denver_justice_project,fiscal_sponsor,confirmed,afgj-projects,afgj.org|influencewatch.org,advocacy_research|movement_or_self,0,0,0,0,1
43,afgj,p_erie_bail_fund,fiscal_sponsor,confirmed,afgj-projects,afgj.org|influencewatch.org,advocacy_research|movement_or_self,0,0,0,0,1
44,afgj,p_eritye_papa_desalin,fiscal_sponsor,confirmed,afgj-projects,afgj.org|influencewatch.org,advocacy_research|movement_or_self,0,0,0,0,1
45,afgj,p_free_mumia_abu_jamal_coalition,fiscal_sponsor,confirmed,afgj-projects,afgj.org|afgj.salsalabs.org|influencewatch.org,advocacy_research|movement_or_self|other_org_site,0,0,0,0,1
46,afgj,p_friends_of_asociaci_n_de_trabajadores_,fiscal_sponsor,confirmed,afgj-interlock|afgj-projects,afgj.org|influencewatch.org,advocacy_research|movement_or_self,0,0,0,0,1
47,afgj,p_friends_of_gente_de_i_itoi_a_c,fiscal_sponsor,confirmed,afgj-projects,afgj.org|influencewatch.org,advocacy_research|movement_or_self,0,0,0,0,1
48,afgj,p_friends_of_mujeres_de_la_tierra,fiscal_sponsor,confirmed,afgj-projects,afgj.org|influencewatch.org,advocacy_research|movement_or_self,0,0,0,0,1
49,afgj,p_gno_interfaith_sanctuary_coalition,fiscal_sponsor,confirmed,afgj-projects,afgj.org|influencewatch.org,advocacy_research|movement_or_self,0,0,0,0,1
50,afgj,p_good_shepherd_collective,fiscal_sponsor,confirmed,afgj-projects,afgj.org|influencewatch.org,advocacy_research|movement_or_self,0,0,0,0,1
51,afgj,p_hampshire_college_legal_support_fund,fiscal_sponsor,confirmed,afgj-projects,afgj.org|influencewatch.org,advocacy_research|movement_or_self,0,0,0,0,1
52,afgj,p_hands_up_united,fiscal_sponsor,confirmed,afgj-interlock|afgj-projects,afgj.org|influencewatch.org,advocacy_research|movement_or_self,0,0,0,0,1
53,afgj,p_honduras_solidarity_network,fiscal_sponsor,confirmed,afgj-projects,afgj.org|hondurassolidarity.org|againstthecurrent.org|influencewatch.org,advocacy_research|movement_or_self|other_org_site,0,0,0,0,1
54,afgj,p_human_rights_school,fiscal_sponsor,confirmed,afgj-projects,afgj.org|influencewatch.org,advocacy_research|movement_or_self,0,0,0,0,1
55,afgj,p_initiative_for_equality,fiscal_sponsor,confirmed,afgj-projects,afgj.org|influencewatch.org,advocacy_research|movement_or_self,0,0,0,0,1
56,afgj,p_instituto_agroecol_gico_latinoamerican,fiscal_sponsor,confirmed,afgj-interlock|afgj-projects,afgj.org|ialamesoamerica.wordpress.com|afgj.org|influencewatch.org,advocacy_research|movement_or_self|other,0,0,0,0,1
57,afgj,p_international_indigenous_initiative_fo,fiscal_sponsor,confirmed,afgj-projects,afgj.org|influencewatch.org,advocacy_research|movement_or_self,0,0,0,0,1
58,afgj,p_international_journal_of_foreign_langu,fiscal_sponsor,confirmed,afgj-projects,afgj.org|influencewatch.org,advocacy_research|movement_or_self,0,0,0,0,1
59,afgj,p_international_people_s_tribunal,fiscal_sponsor,confirmed,afgj-projects,sanctionstribunal.org|afgj.org|samidoun.net|influencewatch.org,advocacy_research|movement_or_self|other_org_site,0,0,0,0,1
60,afgj,p_interoccupy,fiscal_sponsor,confirmed,afgj-interlock|afgj-projects,afgj.org|influencewatch.org,advocacy_research|movement_or_self,0,0,0,0,1
61,afgj,p_irish_diaspora_decolonization_alliance,fiscal_sponsor,confirmed,afgj-projects,afgj.org|influencewatch.org,advocacy_research|movement_or_self,0,0,0,0,1
62,afgj,p_just_info,fiscal_sponsor,confirmed,afgj-interlock|afgj-projects,afgj.org|influencewatch.org,advocacy_research|movement_or_self,0,0,0,0,1
63,afgj,p_justice_for_all_coalition,fiscal_sponsor,confirmed,afgj-interlock|afgj-projects,afgj.org|influencewatch.org,advocacy_research|movement_or_self,0,0,0,0,1
64,afgj,p_juthour_arboretum,fiscal_sponsor,confirmed,afgj-projects,afgj.org|influencewatch.org,advocacy_research|movement_or_self,0,0,0,0,1
65,afgj,p_kevin_zeese_emerging_activists_fund,fiscal_sponsor,confirmed,afgj-interlock|afgj-projects,afgj.org|popularresistance.org|influencewatch.org|influencewatch.org,advocacy_research|movement_or_self,0,0,0,0,1
66,afgj,p_kindred_connections,fiscal_sponsor,confirmed,afgj-interlock|afgj-projects,afgj.org|influencewatch.org,advocacy_research|movement_or_self,0,0,0,0,1
67,afgj,p_la_colectiva,fiscal_sponsor,confirmed,afgj-projects,afgj.org|influencewatch.org,advocacy_research|movement_or_self,0,0,0,0,1
68,afgj,p_labor_against_racism_and_war,fiscal_sponsor,confirmed,afgj-projects,afgj.org|answercoalition.org|influencewatch.org|influencewatch.org,advocacy_research|movement_or_self,0,0,0,0,1
69,afgj,p_lancaster_bail_fund,fiscal_sponsor,confirmed,afgj-projects,afgj.org|influencewatch.org,advocacy_research|movement_or_self,0,0,0,0,1
70,afgj,p_legal_defense_for_palestine,fiscal_sponsor,confirmed,afgj-projects,afgj.org|influencewatch.org,advocacy_research|movement_or_self,0,0,0,0,1
71,afgj,p_lgbt_freedom_and_asylum_network,fiscal_sponsor,confirmed,afgj-projects,afgj.org|influencewatch.org,advocacy_research|movement_or_self,0,0,0,0,1
72,afgj,p_lgbt_voice_tanzania,fiscal_sponsor,confirmed,afgj-projects,afgj.org|influencewatch.org,advocacy_research|movement_or_self,0,0,0,0,1
73,afgj,p_lo_eterno_media_collective,fiscal_sponsor,confirmed,afgj-projects,afgj.org|influencewatch.org,advocacy_research|movement_or_self,0,0,0,0,1
74,afgj,p_los_angeles_community_action_network,fiscal_sponsor,confirmed,afgj-interlock|afgj-projects,keywiki.org|afgj.org|influencewatch.org,advocacy_research|movement_or_self,0,0,0,0,1
75,afgj,p_lupinewood,fiscal_sponsor,confirmed,afgj-projects,afgj.org|influencewatch.org,advocacy_research|movement_or_self,0,0,0,0,1
76,afgj,p_march_4_racial_justice,fiscal_sponsor,confirmed,afgj-interlock|afgj-projects,afgj.org|influencewatch.org,advocacy_research|movement_or_self,0,0,0,0,1
77,afgj,p_march_4_racial_justice_ny,fiscal_sponsor,confirmed,afgj-projects,afgj.org|influencewatch.org,advocacy_research|movement_or_self,0,0,0,0,1
78,afgj,p_miracle_for_mikeals_legacy_foundation,fiscal_sponsor,confirmed,afgj-projects,facebook.com|afgj.org|influencewatch.org,advocacy_research|movement_or_self|social,0,0,0,0,1
79,afgj,p_mosaic_black_trans_funding_network,fiscal_sponsor,confirmed,afgj-projects,afgj.org|influencewatch.org,advocacy_research|movement_or_self,0,0,0,0,1
80,afgj,p_movement_net_lab,fiscal_sponsor,confirmed,afgj-interlock|afgj-projects,afgj.org|influencewatch.org,advocacy_research|movement_or_self,0,0,0,0,1
81,afgj,p_nappy_roots_books,fiscal_sponsor,confirmed,afgj-interlock|afgj-projects,afgj.org|influencewatch.org,advocacy_research|movement_or_self,0,0,0,0,1
82,afgj,p_national_association_of_human_rights_d,fiscal_sponsor,confirmed,afgj-projects,afgj.org|influencewatch.org,advocacy_research|movement_or_self,0,0,0,0,1
83,afgj,p_national_immigrant_solidarity_network,fiscal_sponsor,confirmed,afgj-projects,afgj.org|immigrantsolidarity.org|influencewatch.org,advocacy_research|movement_or_self|other_org_site,0,0,0,0,1
84,afgj,p_national_network_opposing_the_militari,fiscal_sponsor,confirmed,afgj-interlock|afgj-projects,afgj.org|influencewatch.org,advocacy_research|movement_or_self,0,0,0,0,1
85,afgj,p_never_again_action,fiscal_sponsor,confirmed,afgj-interlock|afgj-projects,afgj.org|influencewatch.org,advocacy_research|movement_or_self,0,0,0,0,1
86,afgj,p_nicaragua_solidarity_fund,fiscal_sponsor,confirmed,afgj-projects,afgj.org|afgj.org|afgj.org|influencewatch.org,advocacy_research|movement_or_self,0,0,0,0,1
87,afgj,p_o_odham_anti_border_collective,fiscal_sponsor,confirmed,afgj-projects,afgj.org|influencewatch.org,advocacy_research|movement_or_self,0,0,0,0,1
88,afgj,p_orinoco_tribune,fiscal_sponsor,confirmed,afgj-interlock|afgj-projects,afgj.org|orinocotribune.com|orinocotribune.com|influencewatch.org,advocacy_research|movement_or_self,0,0,0,0,1
89,afgj,p_otros_mundos_a_c,fiscal_sponsor,confirmed,afgj-projects,afgj.org|influencewatch.org,advocacy_research|movement_or_self,0,0,0,0,1
90,afgj,p_peace_education,fiscal_sponsor,confirmed,afgj-projects,afgj.org|influencewatch.org,advocacy_research|movement_or_self,0,0,0,0,1
91,afgj,p_people_helping_people,fiscal_sponsor,confirmed,afgj-projects,afgj.org|influencewatch.org,advocacy_research|movement_or_self,0,0,0,0,1
92,afgj,p_philly_thrive,fiscal_sponsor,confirmed,afgj-projects,afgj.org|influencewatch.org,advocacy_research|movement_or_self,0,0,0,0,1
93,afgj,p_poor_people_s_economic_human_rights_ca,fiscal_sponsor,confirmed,afgj-interlock|afgj-projects,afgj.org|influencewatch.org,advocacy_research|movement_or_self,0,0,0,0,1
94,afgj,p_popular_resistance,fiscal_sponsor,confirmed,afgj-interlock|afgj-projects,afgj.org|popularresistance.org|defendembassyprotectors.org|influencewatch.org,advocacy_research|movement_or_self|other_org_site,0,0,0,0,1
95,afgj,p_pueblo_sin_fronteras,fiscal_sponsor,confirmed,afgj-projects,afgj.org|influencewatch.org,advocacy_research|movement_or_self,0,0,0,0,1
96,afgj,p_queer_food_foundation,fiscal_sponsor,confirmed,afgj-interlock|afgj-projects,afgj.org|influencewatch.org,advocacy_research|movement_or_self,0,0,0,0,1
97,afgj,p_radical_bloggers_fund,fiscal_sponsor,confirmed,afgj-projects,afgj.org|influencewatch.org,advocacy_research|movement_or_self,0,0,0,0,1
98,afgj,p_real_food_generation,fiscal_sponsor,confirmed,afgj-interlock|afgj-projects,afgj.org|influencewatch.org,advocacy_research|movement_or_self,0,0,0,0,1
99,afgj,p_real_name_campaign_nola,fiscal_sponsor,confirmed,afgj-projects,afgj.org|influencewatch.org,advocacy_research|movement_or_self,0,0,0,0,1
100,afgj,p_reale_justice_network,fiscal_sponsor,confirmed,afgj-projects,afgj.org|influencewatch.org,advocacy_research|movement_or_self,0,0,0,0,1
101,afgj,p_reconnect_earth,fiscal_sponsor,confirmed,afgj-projects,afgj.org|influencewatch.org,advocacy_research|movement_or_self,0,0,0,0,1
102,afgj,p_red_de_solidaridad,fiscal_sponsor,confirmed,afgj-projects,afgj.org|influencewatch.org,advocacy_research|movement_or_self,0,0,0,0,1
103,afgj,p_refuse_fascism,fiscal_sponsor,confirmed,afgj-interlock|afgj-projects,afgj.org|influencewatch.org|en.wikipedia.org|influencewatch.org,advocacy_research|encyclopedic|movement_or_self,0,0,0,0,1
104,afgj,p_return_solidarity,fiscal_sponsor,confirmed,afgj-projects,afgj.org|influencewatch.org,advocacy_research|movement_or_self,0,0,0,0,1
105,afgj,p_reuniting_of_african_descendants_road,fiscal_sponsor,confirmed,afgj-projects,afgj.org|influencewatch.org,advocacy_research|movement_or_self,0,0,0,0,1
106,afgj,p_solidarity_ignite,fiscal_sponsor,confirmed,afgj-projects,afgj.org|influencewatch.org,advocacy_research|movement_or_self,0,0,0,0,1
107,afgj,p_south_bronx_unite,fiscal_sponsor,confirmed,afgj-interlock|afgj-projects,afgj.org|influencewatch.org,advocacy_research|movement_or_self,0,0,0,0,1
108,afgj,p_splitseed_productions,fiscal_sponsor,confirmed,afgj-interlock|afgj-projects,afgj.org|influencewatch.org,advocacy_research|movement_or_self,0,0,0,0,1
109,afgj,p_stop_mass_incarceration_network,fiscal_sponsor,confirmed,afgj-interlock|afgj-projects,afgj.org|influencewatch.org|discoverthenetworks.org|influencewatch.org,advocacy_research|movement_or_self,0,0,0,0,1
110,afgj,p_suriname_indigenous_health_fund,fiscal_sponsor,confirmed,afgj-projects,afgj.org|influencewatch.org,advocacy_research|movement_or_self,0,0,0,0,1
111,afgj,p_sustainable_nations,fiscal_sponsor,confirmed,afgj-projects,afgj.org|influencewatch.org,advocacy_research|movement_or_self,0,0,0,0,1
112,afgj,p_sustainable_orphanages_for_haitian_you,fiscal_sponsor,confirmed,afgj-interlock|afgj-projects,afgj.org|influencewatch.org,advocacy_research|movement_or_self,0,0,0,0,1
113,afgj,p_ta_ayush,fiscal_sponsor,confirmed,afgj-projects,afgj.org|influencewatch.org,advocacy_research|movement_or_self,0,0,0,0,1
114,afgj,p_taking_black_pride,fiscal_sponsor,confirmed,afgj-interlock|afgj-projects,afgj.org|influencewatch.org,advocacy_research|movement_or_self,0,0,0,0,1
115,afgj,p_the_l_i_c_project,fiscal_sponsor,confirmed,afgj-projects,afgj.org|influencewatch.org,advocacy_research|movement_or_self,0,0,0,0,1
116,afgj,p_thompson_house_tucson,fiscal_sponsor,confirmed,afgj-interlock|afgj-projects,afgj.org|influencewatch.org,advocacy_research|movement_or_self,0,0,0,0,1
117,afgj,p_trans_women_of_color_solidarity_networ,fiscal_sponsor,confirmed,afgj-interlock|afgj-projects,afgj.org|influencewatch.org,advocacy_research|movement_or_self,0,0,0,0,1
118,afgj,p_ubuntu,fiscal_sponsor,confirmed,afgj-projects,afgj.org|influencewatch.org,advocacy_research|movement_or_self,0,0,0,0,1
119,afgj,p_unir,fiscal_sponsor,confirmed,afgj-projects,afgj.org|influencewatch.org,advocacy_research|movement_or_self,0,0,0,0,1
120,afgj,p_united_students_against_sweatshops,fiscal_sponsor,confirmed,afgj-interlock|afgj-projects,afgj.org|influencewatch.org,advocacy_research|movement_or_self,0,0,0,0,1
121,afgj,p_upland_grassroots,fiscal_sponsor,confirmed,afgj-projects,afgj.org|influencewatch.org,advocacy_research|movement_or_self,0,0,0,0,1
122,afgj,p_werk_for_peace,fiscal_sponsor,confirmed,afgj-interlock|afgj-projects,afgj.org|influencewatch.org,advocacy_research|movement_or_self,0,0,0,0,1
123,afgj,p_white_noise_collective,fiscal_sponsor,confirmed,afgj-projects,afgj.org|influencewatch.org,advocacy_research|movement_or_self,0,0,0,0,1
124,afgj,p_woodbine_education_center,fiscal_sponsor,confirmed,afgj-projects,afgj.org|influencewatch.org,advocacy_research|movement_or_self,0,0,0,0,1
125,afgj,p_world_can_t_wait,fiscal_sponsor,confirmed,afgj-interlock|afgj-projects,afgj.org|en.wikipedia.org|influencewatch.org,advocacy_research|encyclopedic|movement_or_self,0,0,0,0,1
126,afgj,p_youth_vs_apocalypse,fiscal_sponsor,confirmed,afgj-interlock|afgj-projects,afgj.org|influencewatch.org,advocacy_research|movement_or_self,0,0,0,0,1
127,afgj,samidoun,hosted,confirmed,iran-network,waysandmeans.house.gov|samidoun.net|afgj.org|en.wikipedia.org|influencewatch.org,advocacy_research|encyclopedic|movement_or_self|official_records,1,0,0,0,1
128,alhusseini,codepink,member,confirmed,singham-spine,en.wikipedia.org|projects.propublica.org,encyclopedic|official_records,1,0,0,0,0
129,alhusseini,cultureproject,member,confirmed,singham-spine,afcfp.org|projects.propublica.org,official_records|other_org_site,1,0,0,0,0
130,alvin_benjamin,arc_of_justice,funds,confirmed,iran-network,projects.propublica.org,official_records,1,0,0,0,0
131,anderson-figueroa,china,foreign_tie,inferred,singham-spine,jis.gov.jm,other,0,0,0,0,0
132,ann_wright,iran,foreign_tie,confirmed,iran-network,codepink.org,movement_or_self,0,0,0,1,0
133,ann_wright,zarif,met,confirmed,iran-network,codepink.org,movement_or_self,0,0,0,1,0
134,answer,ev_nica_delegation_2021,cosponsored,confirmed,latam-solidarity,afgj.org,movement_or_self,0,0,0,1,0
135,answer,ev_vz_election_2024,endorsed,confirmed,latam-solidarity,peoplesforum.org,movement_or_self,0,0,0,1,0
136,answer,hatuey,co_organizer,confirmed,hatuey,hatueyproject.org,movement_or_self,0,0,0,1,0
137,arc_of_justice,afgj,grant,confirmed,iran-network,projects.propublica.org,official_records,1,0,0,0,0
138,arc_of_justice,ccr,grant,confirmed,iran-network,projects.propublica.org,official_records,1,0,0,0,0
139,arc_of_justice,codepink,related_party,confirmed,iran-network,projects.propublica.org,official_records,1,0,0,0,0
140,arc_of_justice,global_exchange,grant,confirmed,iran-network,projects.propublica.org,official_records,1,0,0,0,0
141,arc_of_justice,grassroots_intl,grant,confirmed,iran-network,projects.propublica.org,official_records,1,0,0,0,0
142,arc_of_justice,ncri_report,cited_by_ncri,inferred,iran-network,networkcontagion.us|democracynow.org,advocacy_research|news,0,0,0,0,0
143,arc_of_justice,social_good_fund,grant,confirmed,iran-network,projects.propublica.org,official_records,1,0,0,0,0
144,arlen_gomez,arc_of_justice,officer,confirmed,iran-network,projects.propublica.org,official_records,1,0,0,0,0
145,atc,fsln,aligned,inferred,latam-solidarity,afgj.org,movement_or_self,0,0,0,1,0
146,baker_carolyn,gbi,member,confirmed,singham-spine,universityofthepoor.org|projects.propublica.org,official_records|other_org_site,1,0,0,0,0
147,baker_gordon,cuba,foreign_tie,inferred,singham-spine,en.wikipedia.org,encyclopedic,0,0,1,0,0
148,balagun,brecht_forum,former_role,confirmed,rls-germany,rosalux.nyc,movement_or_self,0,0,0,1,0
149,balagun,rls_nyc,officer,confirmed,rls-germany,rosalux.nyc,movement_or_self,0,0,0,1,0
150,bap,ev_nica_delegation_2021,cosponsored,confirmed,latam-solidarity,afgj.org,movement_or_self,0,0,0,1,0
151,bap,ev_vz_election_2024,endorsed,confirmed,latam-solidarity,peoplesforum.org,movement_or_self,0,0,0,1,0
152,bap,rub_national_network_on_cuba,member,inferred,rubio-cuba,nnoc.org,movement_or_self,0,0,0,1,0
153,baptist,cuba,foreign_tie,inferred,singham-spine,housingjusticeoralhistory.org,other_org_site,0,0,0,1,0
154,tighe_barry,china,foreign_tie,inferred,singham-spine,trtworld.com,other,0,0,0,0,0
155,belen,china,foreign_tie,inferred,singham-spine,imdb.com,other,0,0,0,0,0
156,belen,russia,foreign_tie,inferred,singham-spine,imdb.com,other,0,0,0,0,0
157,bello,pi,council,confirmed,rls-germany,progressive.international,movement_or_self,0,0,0,1,0
158,bello,rls_nyc,event_participant,inferred,rls-germany,keywiki.org,advocacy_research,0,1,0,0,0
159,ben_becker,answer,former_organizer,confirmed,hatuey,adl.org,advocacy_research,0,1,0,0,0
160,ben_becker,china,foreign_tie,inferred,singham-spine,liberationnews.org,movement_or_self,0,0,0,1,0
161,ben_becker,ev_wfys_2005,led,confirmed,latam-solidarity,liberationnews.org,movement_or_self,0,0,0,1,0
162,ben_becker,garcia,spouse,confirmed,hatuey,tag24.com|en.wikipedia.org,encyclopedic|other,0,0,0,0,0
163,ben_becker,psl,central_committee,confirmed,hatuey,adl.org|en.wikipedia.org,advocacy_research|encyclopedic,0,0,0,0,0
164,benjamin,arc_of_justice,funds,confirmed,iran-network,projects.propublica.org,official_records,1,0,0,0,0
165,benjamin,arc_of_justice,officer,confirmed,iran-network,projects.propublica.org,official_records,1,0,0,0,0
166,benjamin,china,foreign_tie,inferred,singham-spine,en.wikipedia.org,encyclopedic,0,0,1,0,0
167,benjamin,codepink,co_founder,confirmed,iran-network,projects.propublica.org,official_records,1,0,0,0,0
168,benjamin,codepink,role,inferred,rubio-cuba,en.wikipedia.org,encyclopedic,0,0,1,0,0
169,benjamin,fars_news,media_appearance,confirmed,iran-network,nejatngo.org,other_org_site,0,0,0,1,0
170,benjamin,global_exchange,co_founder,confirmed,iran-network,projects.propublica.org,official_records,1,0,0,0,0
171,benjamin,iran,attended_delegation,confirmed,iran-network,codepink.org,movement_or_self,0,0,0,1,0
172,benjamin,iran,foreign_tie,confirmed,iran-network|singham-spine,networkcontagion.us|democracynow.org|en.wikipedia.org,advocacy_research|encyclopedic|news,0,0,0,0,0
173,benjamin,iran_foreign_ministry,met,inferred,iran-network,codepinkdc.blogspot.com,other,0,0,0,0,0
174,benjamin,ncri_report,cited_by_ncri,inferred,iran-network,networkcontagion.us|democracynow.org,advocacy_research|news,0,0,0,0,0
175,benjamin,new_horizon,attended_delegation,confirmed,iran-network,memri.org,advocacy_research,0,1,0,0,0
176,benjamin,zarif,met,confirmed,iran-network,codepink.org,movement_or_self,0,0,0,1,0
177,bertoldi,albamov,member,confirmed,latam-solidarity,breakthroughnews.org,movement_or_self,0,0,0,1,0
178,bertoldi,ipa,coordinator,confirmed,latam-solidarity,breakthroughnews.org,movement_or_self,0,0,0,1,0
179,bounds,cuba,foreign_tie,inferred,singham-spine,peoplesforum.org,movement_or_self,0,0,0,1,0
180,bournous,syriza,member,confirmed,rls-germany,en.wikipedia.org,encyclopedic,0,0,1,0,0
181,brease,btm,member,inferred,singham-spine,projects.propublica.org,official_records,1,0,0,0,0
182,brian_becker,answer,national_coordinator,confirmed,hatuey,adl.org,advocacy_research,0,1,0,0,0
183,brian_becker,ben_becker,parent,confirmed,hatuey,liberationnews.org|btcpolicy.org,movement_or_self|other_org_site,0,0,0,1,0
184,brian_becker,china,foreign_tie,inferred,singham-spine,influencewatch.org,advocacy_research,0,1,0,0,0
185,brian_becker,pf,instructor,confirmed,hatuey,peoplesforum.org,movement_or_self,0,0,0,1,0
186,brian_becker,psl,co_founder,confirmed,hatuey,adl.org,advocacy_research,0,1,0,0,0
187,brian_becker,puf,signatory,confirmed,singham-spine,influencewatch.org|projects.propublica.org,advocacy_research|official_records,1,0,0,0,0
188,brian_becker,richard_becker,relative,inferred,hatuey,adl.org,advocacy_research,0,1,0,0,0
189,bugni,ucf,member,confirmed,singham-spine,projects.propublica.org,official_records,1,0,0,0,0
190,burke,ev_fsp_caracas_2019,led,confirmed,latam-solidarity,fightbacknews.org,movement_or_self,0,0,0,1,0
191,burke,frso,secretary,confirmed,latam-solidarity,fightbacknews.org,movement_or_self,0,0,0,1,0
192,camacaro,afgj,media_contact,confirmed,latam-solidarity,afgj.org,movement_or_self,0,0,0,1,0
193,camacaro,ev_vz_election_2024,accompanied,confirmed,latam-solidarity,afgj.org,movement_or_self,0,0,0,1,0
194,caruso,pf,member,confirmed,singham-spine,democracyatwork.info|projects.propublica.org,official_records|other,1,0,0,0,0
195,cea_weaver,dsa,organizer,confirmed,rls-germany,rosalux.nyc,movement_or_self,0,0,0,1,0
196,cea_weaver,rls_nyc,collaborator,confirmed,rls-germany,rosalux.nyc,movement_or_self,0,0,0,1,0
197,chak,china,foreign_tie,inferred,singham-spine,tsinghua.academia.edu,other,0,0,0,0,0
198,chak,jef,member,inferred,singham-spine,tsinghua.academia.edu,other,0,0,0,0,0
199,chak,ucf,member,confirmed,singham-spine,jpost.com|projects.propublica.org,advocacy_research|official_records,1,0,0,0,0
200,chanoine,rls_nyc,officer,confirmed,rls-germany,grantmakers.io,other,0,0,0,0,0
201,chua,dsa,officer,confirmed,rls-germany,keywiki.org,advocacy_research,0,1,0,0,0
202,chua,rls_nyc,officer,confirmed,rls-germany,keywiki.org|projects.propublica.org,advocacy_research|official_records,1,0,0,0,0
203,clarkgollub,ev_antifa_festival_2025,hosted,confirmed,latam-solidarity,venezuelasolidaritynetwork.org,movement_or_self,0,0,0,1,0
204,clarkgollub,ev_vz_election_2024,accompanied,confirmed,latam-solidarity,afgj.org,movement_or_self,0,0,0,1,0
205,codepink,ev_vz_election_2024,endorsed,confirmed,latam-solidarity,peoplesforum.org,movement_or_self,0,0,0,1,0
206,codepink,hispantv,attended_delegation,confirmed,iran-network,codepink.org,movement_or_self,0,0,0,1,0
207,codepink,ipa,member,confirmed,latam-solidarity,en.wikipedia.org,encyclopedic,0,0,1,0,0
208,codepink,iran_foreign_ministry,met,confirmed,iran-network,codepink.org,movement_or_self,0,0,0,1,0
209,codepink,ncri_report,cited_by_ncri,inferred,iran-network,networkcontagion.us|democracynow.org,advocacy_research|news,0,0,0,0,0
210,codepink,press_tv,attended_delegation,confirmed,iran-network,codepink.org,movement_or_self,0,0,0,1,0
211,codepink,rub_national_network_on_cuba,member,confirmed,rubio-cuba,nnoc.org,movement_or_self,0,0,0,1,0
212,codepink,samidoun,hosted,confirmed,iran-network,codepink.org,movement_or_self,0,0,0,1,0
213,cook,psl,member,inferred,singham-spine,adl.org,advocacy_research,0,1,0,0,0
214,cook,puf,member,confirmed,singham-spine,adl.org|projects.propublica.org,advocacy_research|official_records,1,0,0,0,0
215,craig,cuba,foreign_tie,inferred,singham-spine,peoplesforum.org,movement_or_self,0,0,0,1,0
216,craig,pf,member,confirmed,singham-spine,peoplesforum.org|projects.propublica.org,movement_or_self|official_records,1,0,0,0,0
217,croce,china,foreign_tie,inferred,singham-spine,medium.com,social,0,0,0,1,0
218,dagdelen,die_linke,former_member,confirmed,rls-germany,en.wikipedia.org,encyclopedic,0,0,1,0,0
219,danaher,arc_of_justice,officer,confirmed,iran-network,projects.propublica.org,official_records,1,0,0,0,0
220,deborah_benjamin,arc_of_justice,related_party,confirmed,iran-network,law.justia.com,other,0,0,0,0,0
221,delacruz,codepink,role,confirmed,rubio-cuba,en.wikipedia.org,encyclopedic,0,0,1,0,0
222,delacruz,ev_ipa_founding_2019,attended,confirmed,latam-solidarity,foxnews.com,advocacy_research,0,1,0,0,0
223,delacruz,iran,foreign_tie,inferred,singham-spine,en.wikipedia.org,encyclopedic,0,0,1,0,0
224,delacruz,pf,co_director,confirmed,latam-solidarity,influencewatch.org,advocacy_research,0,1,0,0,0
225,delacruz,pf,co_founder,confirmed,hatuey,projects.propublica.org,official_records,1,0,0,0,0
226,delacruz,pf,member,confirmed,singham-spine,en.wikipedia.org|projects.propublica.org,encyclopedic|official_records,1,0,0,0,0
227,delacruz,pf,role,confirmed,rubio-cuba,en.wikipedia.org,encyclopedic,0,0,1,0,0
228,delacruz,psl,pres_nominee,confirmed,hatuey,en.wikipedia.org|ballotpedia.org,encyclopedic|other_org_site,0,0,0,0,0
229,delacruz,rub_ifco_pastors_for_peace,role,confirmed,rubio-cuba,en.wikipedia.org|state.gov,encyclopedic|government,0,0,0,0,0
230,delacruz,venezuela,foreign_tie,inferred,singham-spine,peaceandfreedom.us,other,0,0,0,0,0
231,delossantos,ev_vz_election_2024,monitored,inferred,latam-solidarity,therealnews.com,other,0,0,0,0,0
232,delossantos,iran,foreign_tie,inferred,singham-spine,yahoo.com,other,0,0,0,0,0
233,delossantos,jef,member,confirmed,singham-spine,yahoo.com,other,0,0,0,0,0
234,delossantos,pf,co_director,confirmed,latam-solidarity,influencewatch.org,advocacy_research,0,1,0,0,0
235,delossantos,pf,co_founder,confirmed,hatuey,peoplesforum.org|counterpunch.org,movement_or_self|other_org_site,0,0,0,1,0
236,delossantos,pf,member,confirmed,singham-spine,yahoo.com|projects.propublica.org,official_records|other,1,0,0,0,0
237,delossantos,pf,role,confirmed,rubio-cuba,peoplesforum.org,movement_or_self,0,0,0,1,0
238,die_linke,pel,member,confirmed,rls-germany,en.wikipedia.org,encyclopedic,0,0,1,0,0
239,die_linke,rls_berlin,affiliated,confirmed,rls-germany,en.wikipedia.org,encyclopedic,0,0,1,0,0
240,dpaul,ev_antifa_festival_2025,attended,confirmed,latam-solidarity,venezuelasolidaritynetwork.org,movement_or_self,0,0,0,1,0
241,dsa,ev_vz_election_2024,endorsed,confirmed,latam-solidarity,peoplesforum.org,movement_or_self,0,0,0,1,0
242,dsa,ev_vz_election_2024,observed,confirmed,latam-solidarity,international.dsausa.org|persuasion.community,other|other_org_site,0,0,0,0,0
243,dsa,fsp,participated,confirmed,latam-solidarity,danlabotz.medium.com|danlabotz.medium.com|en.wikipedia.org,encyclopedic|other,0,0,0,0,1
244,dsa,pi,member,confirmed,rls-germany,progressive.international,movement_or_self,0,0,0,1,0
245,dsa,rub_national_network_on_cuba,member,confirmed,rubio-cuba,nnoc.org,movement_or_self,0,0,0,1,0
246,dsa_fund,jacobin,joint_poll,confirmed,rls-germany,rosalux.nyc,movement_or_self,0,0,0,1,0
247,duhalde,dsa,former_officer,confirmed,rls-germany,rosalux.nyc,movement_or_self,0,0,0,1,0
248,duhalde,dsa_fund,former_chair,confirmed,rls-germany,rosalux.nyc,movement_or_self,0,0,0,1,0
249,duhalde,rls_nyc,commissioned_author,confirmed,rls-germany,rosalux.nyc,movement_or_self,0,0,0,1,0
250,dwilliams,rls_nyc,officer,confirmed,rls-germany,rosalux.nyc,movement_or_self,0,0,0,1,0
251,earle,dsa,cochair,confirmed,rls-germany,ethanearle.info,other,0,0,0,0,0
252,earle,o4p,coordinates,confirmed,rls-germany,rosalux.nyc,movement_or_self,0,0,0,1,0
253,earle,pel,member,confirmed,rls-germany,ethanearle.info,other,0,0,0,0,0
254,earle,rls_nyc,officer,confirmed,rls-germany,ethanearle.info,other,0,0,0,0,0
255,ehmsen,rls_nyc,director,confirmed,rls-germany,rosalux.nyc,movement_or_self,0,0,0,1,0
256,enkelmann,rls_berlin,chair,confirmed,rls-germany,en.wikipedia.org,encyclopedic,0,0,1,0,0
257,ensler,codepink,member,confirmed,singham-spine,en.wikipedia.org|projects.propublica.org,encyclopedic|official_records,1,0,0,0,0
258,estrada,albamov,member,confirmed,latam-solidarity,breakthroughnews.org,movement_or_self,0,0,0,1,0
259,estrada,ipa,secretariat,confirmed,latam-solidarity,salon.com,other,0,0,0,0,0
260,evans,china,foreign_tie,inferred,singham-spine,facebook.com,social,0,0,0,1,0
261,evans,codepink,co_founder,confirmed,iran-network,projects.propublica.org,official_records,1,0,0,0,0
262,evans,codepink,member,confirmed,singham-spine,facebook.com|projects.propublica.org,official_records|social,1,0,0,0,0
263,evans,codepink,role,confirmed,rubio-cuba,en.wikipedia.org,encyclopedic,0,0,1,0,0
264,evans,ips,member,confirmed,singham-spine,facebook.com|projects.propublica.org,official_records|social,1,0,0,0,0
265,evans,iran,foreign_tie,inferred,iran-network|singham-spine,facebook.com,social,0,0,0,1,0
266,evans,ncri_report,cited_by_ncri,inferred,iran-network,networkcontagion.us|city-data.com,advocacy_research|other,0,0,0,0,0
267,evans,pf,member,confirmed,singham-spine,facebook.com|projects.propublica.org,official_records|social,1,0,0,0,0
268,evans,pf,role,confirmed,rubio-cuba,en.wikipedia.org,encyclopedic,0,0,1,0,0
269,evans,psf,officer,confirmed,iran-network,projects.propublica.org,official_records,1,0,0,0,0
270,evans,singham,related_party,confirmed,iran-network,banks.senate.gov,government,0,0,0,0,0
271,fernandes,tricontinental,member,confirmed,singham-spine,valdaiclub.com|projects.propublica.org,official_records|other,1,0,0,0,0
272,friendsatc,afgj,project_of,confirmed,latam-solidarity,afgj.org,movement_or_self,0,0,0,1,0
273,friendsatc,atc,partners,confirmed,latam-solidarity,afgj.org|afgj.org,movement_or_self,0,0,0,1,0
274,frso,ev_fsp_caracas_2019,attended,confirmed,latam-solidarity,fightbacknews.org,movement_or_self,0,0,0,1,0
275,fsln,rubio_report,cited_designation,inferred,rubio-cuba,state.gov,government,0,0,0,0,0
276,fsp,ev_fsp_caracas_2019,convened,confirmed,latam-solidarity,forodesaopaulo.org|fightbacknews.org,movement_or_self|other_org_site,0,0,0,1,0
277,garcia,china,foreign_tie,inferred,singham-spine,btcpolicy.org,other_org_site,0,0,0,1,0
278,garcia,psl,vp_candidate,confirmed,hatuey,ballotpedia.org,other_org_site,0,0,0,1,0
279,german_gov,fes,funds,confirmed,rls-germany,en.wikipedia.org,encyclopedic,0,0,1,0,0
280,german_gov,fns,funds,confirmed,rls-germany,en.wikipedia.org,encyclopedic,0,0,1,0,0
281,german_gov,hbs,funds,confirmed,rls-germany,en.wikipedia.org,encyclopedic,0,0,1,0,0
282,german_gov,hss,funds,confirmed,rls-germany,en.wikipedia.org,encyclopedic,0,0,1,0,0
283,german_gov,kas,funds,confirmed,rls-germany,en.wikipedia.org,encyclopedic,0,0,1,0,0
284,german_gov,rls_berlin,funds,confirmed,rls-germany,en.wikipedia.org|osw.waw.pl,encyclopedic|other,0,0,0,0,0
285,ghost_officers,arc_of_justice,officer,confirmed,iran-network,projects.propublica.org,official_records,1,0,0,0,0
286,global_exchange,arc_of_justice,related_org,confirmed,iran-network,projects.propublica.org,official_records,1,0,0,0,0
287,goodwin,china,foreign_tie,inferred,singham-spine,news.mit.edu,other,0,0,0,0,0
288,grenyion,china,foreign_tie,inferred,singham-spine,oneloveunionjodieandroy.com,other,0,0,0,0,1
289,gunther,die_linke,member,confirmed,rls-germany,en.wikipedia.org,encyclopedic,0,0,1,0,0
290,gunther,rls_nyc,director,confirmed,rls-germany,rosalux.nyc,movement_or_self,0,0,0,1,0
291,hamby,pf,officer,inferred,singham-spine,peoplesforum.org,movement_or_self,0,0,0,1,0
292,harris,ev_antifa_festival_2025,attended,confirmed,latam-solidarity,venezuelasolidaritynetwork.org,movement_or_self,0,0,0,1,0
293,harris,ev_vz_election_2024,observed,confirmed,latam-solidarity,icssmarx.org|counterpunch.org,other_org_site,0,0,0,1,0
294,harris,tfa,board_member,confirmed,latam-solidarity,taskforceamericas.org,other_org_site,0,0,0,1,0
295,harris,uspc,member,confirmed,latam-solidarity,icssmarx.org,other_org_site,0,0,0,1,0
296,harris,vsn,founding_member,confirmed,latam-solidarity,icssmarx.org,other_org_site,0,0,0,1,0
297,hatuey,icap,press_channel,confirmed,hatuey,hatueyproject.org,movement_or_self,0,0,0,1,0
298,hatuey,minsap,donations_to,confirmed,hatuey,hatueyproject.org|radiohc.cu,movement_or_self|other,0,0,0,0,0
299,hatuey,rhc,covered_by,confirmed,hatuey,radiohc.cu,other,0,0,0,0,0
300,henderson,china,foreign_tie,inferred,singham-spine,newlinesmag.com,advocacy_research,0,1,0,0,0
301,hoyt,afgj,board_member,confirmed,latam-solidarity,afgj.org,movement_or_self,0,0,0,1,0
302,hrizi,china,foreign_tie,inferred,singham-spine,ussearch.com,other,0,0,0,0,0
303,hrizi,cuba,foreign_tie,inferred,singham-spine,ussearch.com,other,0,0,0,0,0
304,hu,c3misc,member,confirmed,singham-spine,linkedin.com|projects.propublica.org,official_records|social,1,0,0,0,0
305,hu,china,foreign_tie,inferred,singham-spine,linkedin.com,social,0,0,0,1,0
306,hu,russia,foreign_tie,inferred,singham-spine,linkedin.com,social,0,0,0,1,0
307,hub_assata_shakur,p_assata_s_daughters,cited_context,inferred,rubio-cuba,en.wikipedia.org,encyclopedic,0,0,1,0,0
308,hub_assata_shakur,rub_black_liberation_army,role,inferred,rubio-cuba,en.wikipedia.org,encyclopedic,0,0,1,0,0
309,icap,seal,award,confirmed,hatuey,cubasi.cu|cubainformacion.tv,other,0,0,0,0,0
310,ipa,ev_antifa_festival_2025,organized,inferred,latam-solidarity,peoplesdispatch.org,movement_or_self,0,0,0,1,0
311,ipa,ev_ipa_founding_2019,founded_at,confirmed,latam-solidarity,breakthroughnews.org,movement_or_self,0,0,0,1,0
312,irgens_moller,arc_of_justice,officer,confirmed,iran-network,projects.propublica.org,official_records,1,0,0,0,0
313,irgens_moller,global_exchange,co_founder,confirmed,iran-network,projects.propublica.org,official_records,1,0,0,0,0
314,jacobin,rubio_report,cited_context,inferred,rubio-cuba,state.gov,government,0,0,0,0,0
315,janequine,jef,member,confirmed,singham-spine,projects.propublica.org,official_records,1,0,0,0,0
316,jef,afgj,grant,confirmed,iran-network,projects.propublica.org,official_records,1,0,0,0,0
317,jef,codepink,grant,confirmed,iran-network,projects.propublica.org,official_records,1,0,0,0,0
318,jef,pf,funds,confirmed,singham-spine,waysandmeans.house.gov,official_records,1,0,0,0,0
319,jef,tricontinental,funds,inferred,singham-spine,waysandmeans.house.gov,official_records,1,0,0,0,0
320,jonathan_raggett,arc_of_justice,officer,confirmed,iran-network,projects.propublica.org,official_records,1,0,0,0,0
321,jordan,afgj,president,confirmed,latam-solidarity,afgj.org,movement_or_self,0,0,0,1,0
322,jvp,iran,foreign_tie,inferred,iran-network,adl.org,advocacy_research,0,1,0,0,0
323,kaufman,afgj,founder,confirmed,latam-solidarity,afgj.org,movement_or_self,0,0,0,1,0
324,kaufman,answer,cofounder,confirmed,latam-solidarity,answercoalition.org|capitalresearch.org,advocacy_research|movement_or_self,0,0,0,0,0
325,kaufman,nicanet,leads,confirmed,latam-solidarity,afgj.org,movement_or_self,0,0,0,1,0
326,kaufman,ortega,defends,confirmed,latam-solidarity,afgj.org,movement_or_self,0,0,0,1,0
327,kaufman,vsn,coordinates,confirmed,latam-solidarity,capitalresearch.org,advocacy_research,0,1,0,0,0
328,kleiner,china,foreign_tie,inferred,singham-spine,influencewatch.org,advocacy_research,0,1,0,0,0
329,kleiner,ucf,member,confirmed,singham-spine,influencewatch.org|projects.propublica.org,advocacy_research|official_records,1,0,0,0,0
330,kovalik,afgj,affiliated,inferred,latam-solidarity,answercoalition.org,movement_or_self,0,0,0,1,0
331,krouth,pwa,member,confirmed,singham-spine,projects.propublica.org,official_records,1,0,0,0,0
332,kuang,dsa,member,confirmed,latam-solidarity,persuasion.community,other,0,0,0,0,0
333,kuang,ev_vz_election_2024,claimed_accredited,inferred,latam-solidarity,persuasion.community,other,0,0,0,0,0
334,lariva,answer,member,confirmed,hatuey,globalsecurity.org,advocacy_research,0,1,0,0,0
335,lariva,hatuey,coordinator,confirmed,hatuey,hatueyproject.org,movement_or_self,0,0,0,1,0
336,lariva,hub_andira_alves,associate,inferred,afgj-interlock,hatueyproject.org,movement_or_self,0,0,0,1,0
337,lariva,hub_leni_villag_mez_reeves,associate,inferred,afgj-interlock,hatueyproject.org,movement_or_self,0,0,0,1,0
338,lariva,hub_will_kohr,associate,inferred,afgj-interlock,hatueyproject.org,movement_or_self,0,0,0,1,0
339,lariva,ma,associate,inferred,afgj-interlock,hatueyproject.org,movement_or_self,0,0,0,1,0
340,lariva,marsh,associate,inferred,afgj-interlock,hatueyproject.org,movement_or_self,0,0,0,1,0
341,lariva,psl,founder,confirmed,hatuey,en.wikipedia.org|adl.org,advocacy_research|encyclopedic,0,0,0,0,0
342,lariva,russia,foreign_tie,inferred,singham-spine,en.wikipedia.org,encyclopedic,0,0,1,0,0
343,lariva,venezuela,foreign_tie,inferred,singham-spine,en.wikipedia.org,encyclopedic,0,0,1,0,0
344,lariva,viq,associate,inferred,afgj-interlock,hatueyproject.org,movement_or_self,0,0,0,1,0
345,leila_zand,codepink,affiliation,confirmed,iran-network,codepink.org,movement_or_self,0,0,0,1,0
346,leila_zand,iran,foreign_tie,confirmed,iran-network,codepink.org,movement_or_self,0,0,0,1,0
347,leila_zand,iran_foreign_ministry,met,inferred,iran-network,codepinkdc.blogspot.com,other,0,0,0,0,0
348,liebich,die_linke,member,confirmed,rls-germany,en.wikipedia.org,encyclopedic,0,0,1,0,0
349,liebich,rls_nyc,director,confirmed,rls-germany,en.wikipedia.org|rosalux.nyc,encyclopedic|movement_or_self,0,0,0,0,0
350,luvela,ucf,member,confirmed,singham-spine,projects.propublica.org,official_records,1,0,0,0,0
351,ma,hatuey,co_signatory,confirmed,hatuey,hatueyproject.org,movement_or_self,0,0,0,1,0
352,ma,hub_andira_alves,associate,inferred,afgj-interlock,hatueyproject.org,movement_or_self,0,0,0,1,0
353,ma,hub_leni_villag_mez_reeves,associate,inferred,afgj-interlock,hatueyproject.org,movement_or_self,0,0,0,1,0
354,ma,hub_will_kohr,associate,inferred,afgj-interlock,hatueyproject.org,movement_or_self,0,0,0,1,0
355,ma,marsh,associate,inferred,afgj-interlock,hatueyproject.org,movement_or_self,0,0,0,1,0
356,ma,viq,associate,inferred,afgj-interlock,hatueyproject.org,movement_or_self,0,0,0,1,0
357,maduro,ev_antifa_festival_2025,patron,confirmed,latam-solidarity,orinocotribune.com,movement_or_self,0,0,0,1,0
358,maduro,ev_caracas_antifa_2024,led,confirmed,latam-solidarity,internacionalantifascista.org,other_org_site,0,0,0,1,0
359,maduro,ev_fsp_caracas_2019,addressed,confirmed,latam-solidarity,fightbacknews.org,movement_or_self,0,0,0,1,0
360,maduro,ev_ipa_founding_2019,patron,confirmed,latam-solidarity,influencewatch.org,advocacy_research,0,1,0,0,0
361,maduro,ev_maduro_inaug_2025,inaugurated,confirmed,latam-solidarity,en.wikipedia.org,encyclopedic,0,0,1,0,0
362,marsh,answer,member,confirmed,hatuey,hatueyproject.org,movement_or_self,0,0,0,1,0
363,marsh,hatuey,co_signatory,confirmed,hatuey,hatueyproject.org,movement_or_self,0,0,0,1,0
364,maura,podemos,member,confirmed,rls-germany,en.wikipedia.org,encyclopedic,0,0,1,0,0
365,mcalevey,o4p,designed_curriculum,confirmed,rls-germany,rosalux.de,movement_or_self,0,0,0,1,0
366,mccarthy,singham,network,inferred,singham-spine,linkedin.com,social,0,0,0,1,0
367,mfernandez,rls_nyc,officer,confirmed,rls-germany,rosalux.nyc,movement_or_self,0,0,0,1,0
368,new_horizon,irgc,designated,confirmed,iran-network,home.treasury.gov,official_records,1,0,0,0,0
369,niac,iran,foreign_tie,confirmed,iran-network,cotton.senate.gov,government,0,0,0,0,0
370,niac,ncri_report,cited_by_ncri,inferred,iran-network,networkcontagion.us,advocacy_research,0,1,0,0,0
371,niac,zarif,hosted,inferred,iran-network,cotton.senate.gov,government,0,0,0,0,0
372,nicanet,ev_nica_delegation_2021,organized,confirmed,latam-solidarity,afgj.org,movement_or_self,0,0,0,1,0
373,nlg,ev_vz_election_2024,observed,confirmed,latam-solidarity,nlginternational.org,other_org_site,0,0,0,1,0
374,nlg,rub_national_network_on_cuba,member,confirmed,rubio-cuba,nnoc.org,movement_or_self,0,0,0,1,0
375,nmeyer,dsa,member,confirmed,rls-germany,keywiki.org,advocacy_research,0,1,0,0,0
376,nmeyer,rls_nyc,officer,confirmed,rls-germany,keywiki.org,advocacy_research,0,1,0,0,0
377,nunez,dsa,member,confirmed,latam-solidarity,afgj.org,movement_or_self,0,0,0,1,0
378,nunez,ev_vz_election_2024,accompanied,confirmed,latam-solidarity,afgj.org,movement_or_self,0,0,0,1,0
379,nunez,vsn,member,confirmed,latam-solidarity,afgj.org,movement_or_self,0,0,0,1,0
380,ortega,ev_maduro_inaug_2025,attended,confirmed,latam-solidarity,pbs.org,other_org_site,0,0,0,1,0
381,ortega,ev_nica_election_2021,reelected,confirmed,latam-solidarity,cnn.com,news,0,0,0,0,0
382,ortega,fsln,leads,confirmed,latam-solidarity,en.wikipedia.org,encyclopedic,0,0,1,0,0
383,p_assata_s_daughters,rub_national_network_on_cuba,member,inferred,rubio-cuba,nnoc.org,movement_or_self,0,0,0,1,0
384,per_abraham_hassen,p_black_movement_law_project,role,confirmed,afgj-interlock,dickinsonlaw.psu.edu,other,0,0,0,0,0
385,per_allen_kwabena_frimpong,hub_movement_netlab,associate,inferred,afgj-interlock,commonslibrary.org,other_org_site,0,0,0,1,0
386,per_allen_kwabena_frimpong,p_adastra,role,confirmed,afgj-interlock,commonslibrary.org,other_org_site,0,0,0,1,0
387,per_allen_kwabena_frimpong,p_movement_net_lab,role,confirmed,afgj-interlock,commonslibrary.org,other_org_site,0,0,0,1,0
388,per_alyssa_rubin,hub_ifnotnow,associate,inferred,afgj-interlock,commondreams.org,news,0,0,0,0,0
389,per_alyssa_rubin,p_never_again_action,role,confirmed,afgj-interlock,commondreams.org,news,0,0,0,0,0
390,per_andrea_ciannavei,hub_occupy_sandy,associate,inferred,afgj-interlock,bustle.com,other,0,0,0,0,0
391,per_andrea_ciannavei,p_interoccupy,role,confirmed,afgj-interlock,bustle.com,other,0,0,0,0,0
392,per_andrea_ciannavei,p_march_4_racial_justice,role,confirmed,afgj-interlock,bustle.com,other,0,0,0,0,0
393,per_antonio_gutierrez,hub_autonomous_tenants_union,associate,inferred,afgj-interlock,influencewatch.org,advocacy_research,0,1,0,0,0
394,per_antonio_gutierrez,p_chicago_housing_justice_league,role,confirmed,afgj-interlock,influencewatch.org,advocacy_research,0,1,0,0,0
395,per_aquib_s_yacoob,hub_women_s_march,associate,inferred,afgj-interlock,brownmanrunning.com,other,0,0,0,0,0
396,per_aquib_s_yacoob,p_adastra,role,confirmed,afgj-interlock,brownmanrunning.com,other,0,0,0,0,0
397,per_banbose_shango,p_nappy_roots_books,role,confirmed,afgj-interlock,okgazette.com,other,0,0,0,0,0
398,per_bella_de_soto,p_change_links_newspaper,role,confirmed,afgj-interlock,change-links.org,other_org_site,0,0,0,1,0
399,per_carl_dix,hub_revolutionary_communist_party_usa,associate,inferred,afgj-interlock,revcom.us|revcom.us,movement_or_self,0,0,0,1,0
400,per_carl_dix,p_refuse_fascism,role,confirmed,afgj-interlock,revcom.us,movement_or_self,0,0,0,1,0
401,per_carl_dix,per_cornel_west,associate,inferred,afgj-interlock,revcom.us,movement_or_self,0,0,0,1,0
402,per_carl_dix,p_stop_mass_incarceration_network,role,confirmed,afgj-interlock,revcom.us,movement_or_self,0,0,0,1,0
403,per_cheri_honkala,per_cornel_west,associate,inferred,afgj-interlock,economichumanrights.org,movement_or_self,0,0,0,1,0
404,per_cheri_honkala,hub_green_party,associate,inferred,afgj-interlock,economichumanrights.org,movement_or_self,0,0,0,1,0
405,per_cheri_honkala,p_poor_people_s_economic_human_rights_ca,role,confirmed,afgj-interlock,economichumanrights.org,movement_or_self,0,0,0,1,0
406,per_cindy_sheehan,hub_hugo_chavez,associate,inferred,afgj-interlock,findingaids.library.nyu.edu,news,0,0,0,0,0
407,per_cindy_sheehan,hub_military_families_speak_out,associate,inferred,afgj-interlock,findingaids.library.nyu.edu,news,0,0,0,0,0
408,per_cindy_sheehan,p_cindy_sheehan_s_soapbox,role,confirmed,afgj-interlock,findingaids.library.nyu.edu,news,0,0,0,0,0
409,per_cornel_west,p_refuse_fascism,role,confirmed,afgj-interlock,refusefascism.org,other_org_site,0,0,0,1,0
410,per_cornel_west,p_stop_mass_incarceration_network,role,confirmed,afgj-interlock,discoverthenetworks.org,advocacy_research,0,1,0,0,0
411,per_cory_jong,p_youth_vs_apocalypse,role,confirmed,afgj-interlock,youthvsapocalypse.org,movement_or_self,0,0,0,1,0
412,per_dakotah_lilly,hub_hugo_chavez,associate,inferred,afgj-interlock,cindysheehanssoapbox.blogspot.com,other,0,0,0,0,0
413,per_dakotah_lilly,p_cindy_sheehan_s_soapbox,role,confirmed,afgj-interlock,cindysheehanssoapbox.blogspot.com,other,0,0,0,0,0
414,per_david_foecke,p_youth_vs_apocalypse,role,confirmed,afgj-interlock,youthvsapocalypse.org,movement_or_self,0,0,0,1,0
415,per_debra_sweet,p_cindy_sheehan_s_soapbox,associate,inferred,afgj-interlock,worldcantwait.org,other_org_site,0,0,0,1,0
416,per_debra_sweet,p_world_can_t_wait,role,confirmed,afgj-interlock,worldcantwait.org,other_org_site,0,0,0,1,0
417,per_devin_michael_lowe,p_black_trans_travel_fund,role,confirmed,afgj-interlock,blacktranstravelfund.com,other,0,0,0,0,0
418,per_diane_limas,hub_communities_united,associate,inferred,afgj-interlock,influencewatch.org,advocacy_research,0,1,0,0,0
419,per_diane_limas,hub_lawyers_better_housing,network,inferred,afgj-interlock,influencewatch.org,advocacy_research,0,1,0,0,0
420,per_diane_limas,p_chicago_housing_justice_league,role,confirmed,afgj-interlock,influencewatch.org,advocacy_research,0,1,0,0,0
421,per_dr_patrisia_gonzales,p_alianza_ind_gena_sin_fronteras_indigen,role,confirmed,afgj-interlock,haury.arizona.edu,other,0,0,0,0,0
422,per_elaine_brower,hub_military_families_speak_out,associate,inferred,afgj-interlock,veteransforpeace.org,other_org_site,0,0,0,1,0
423,per_elaine_brower,p_sustainable_orphanages_for_haitian_you,role,confirmed,afgj-interlock,veteransforpeace.org,other_org_site,0,0,0,1,0
424,per_elaine_brower,p_world_can_t_wait,associate,inferred,afgj-interlock,veteransforpeace.org,other_org_site,0,0,0,1,0
425,per_elisabeth_epps,p_colorado_freedom_fund,role,confirmed,afgj-interlock,elisabethepps.com,other,0,0,0,0,0
426,per_erika_takeo,p_friends_of_asociaci_n_de_trabajadores_,role,confirmed,afgj-interlock,orinocotribune.com,movement_or_self,0,0,0,1,0
427,per_evana,p_taking_black_pride,role,confirmed,afgj-interlock,queertheland.org,other_org_site,0,0,0,1,0
428,per_firas_nasr,hub_women_s_march,associate,inferred,afgj-interlock,sites.middlebury.edu,other,0,0,0,0,0
429,per_firas_nasr,p_werk_for_peace,role,confirmed,afgj-interlock,sites.middlebury.edu,other,0,0,0,0,0
430,per_frank_avellone,hub_communities_united,associate,inferred,afgj-interlock,lcbh.org,other_org_site,0,0,0,1,0
431,per_frank_avellone,p_chicago_housing_justice_league,role,confirmed,afgj-interlock,lcbh.org,other_org_site,0,0,0,1,0
432,per_gabrielle_lenart,p_queer_food_foundation,role,confirmed,afgj-interlock,specialtyfood.com,other,0,0,0,0,0
433,per_gary_ghirardi,hub_opposed_to_militarism_draft,associate,inferred,afgj-interlock,prcsd.org,other_org_site,0,0,0,1,0
434,per_gary_ghirardi,p_national_network_opposing_the_militari,role,confirmed,afgj-interlock,prcsd.org,other_org_site,0,0,0,1,0
435,per_gila_svirsky,hub_women_in_black,associate,inferred,afgj-interlock,afsc.org,other_org_site,0,0,0,1,0
436,per_gila_svirsky,p_coalition_of_women_for_peace,role,confirmed,afgj-interlock,afsc.org,other_org_site,0,0,0,1,0
437,per_hannah_safran,hub_women_in_black,associate,inferred,afgj-interlock,bates.edu,other,0,0,0,0,0
438,per_hannah_safran,p_coalition_of_women_for_peace,role,confirmed,afgj-interlock,bates.edu,other,0,0,0,0,0
439,per_joan_donovan,hub_occupy_wall_street,associate,inferred,afgj-interlock,influencewatch.org,advocacy_research,0,1,0,0,0
440,per_joan_donovan,p_interoccupy,role,confirmed,afgj-interlock,influencewatch.org,advocacy_research,0,1,0,0,0
441,per_johnnie_jae,p_march_4_racial_justice,role,confirmed,afgj-interlock,johnniejae.com,other,0,0,0,0,0
442,per_kevin_zeese,hub_green_shadow_cabinet,associate,inferred,afgj-interlock,en.wikipedia.org,encyclopedic,0,0,1,0,0
443,per_kevin_zeese,p_kevin_zeese_emerging_activists_fund,role,confirmed,afgj-interlock,en.wikipedia.org,encyclopedic,0,0,1,0,0
444,per_kevin_zeese,p_popular_resistance,role,confirmed,afgj-interlock,en.wikipedia.org,encyclopedic,0,0,1,0,0
445,per_khafre_jay,hub_dead_prez,associate,inferred,afgj-interlock,youthvsapocalypse.org,movement_or_self,0,0,0,1,0
446,per_khafre_jay,hub_talib_kweli,associate,inferred,afgj-interlock,youthvsapocalypse.org,movement_or_self,0,0,0,1,0
447,per_khafre_jay,p_youth_vs_apocalypse,role,confirmed,afgj-interlock,youthvsapocalypse.org,movement_or_self,0,0,0,1,0
448,per_kristen_godfrey,p_thompson_house_tucson,role,confirmed,afgj-interlock,tempestmag.org,other_org_site,0,0,0,1,0
449,per_kristen_hackett,p_justice_for_all_coalition,role,confirmed,afgj-interlock,centerforthehumanities.org,other_org_site,0,0,0,1,0
450,per_lourdes_escalante,p_alianza_ind_gena_sin_fronteras_indigen,role,confirmed,afgj-interlock,kxci.org,other_org_site,0,0,0,1,0
451,per_lourdez,p_taking_black_pride,role,confirmed,afgj-interlock,artisttrust.org,other_org_site,0,0,0,1,0
452,per_lourdez,p_trans_women_of_color_solidarity_networ,role,confirmed,afgj-interlock,artisttrust.org,other_org_site,0,0,0,1,0
453,per_makayla_heiser,p_united_students_against_sweatshops,role,confirmed,afgj-interlock,influencewatch.org,advocacy_research,0,1,0,0,0
454,per_margaret_flowers,hub_green_party,associate,inferred,afgj-interlock,gp.org,movement_or_self,0,0,0,1,0
455,per_margaret_flowers,hub_green_shadow_cabinet,associate,inferred,afgj-interlock,gp.org,movement_or_self,0,0,0,1,0
456,per_margaret_flowers,p_kevin_zeese_emerging_activists_fund,role,confirmed,afgj-interlock,gp.org,movement_or_self,0,0,0,1,0
457,per_margaret_flowers,p_popular_resistance,role,confirmed,afgj-interlock,gp.org,movement_or_self,0,0,0,1,0
458,per_mark_swartz,hub_lawyers_better_housing,associate,inferred,afgj-interlock,influencewatch.org,advocacy_research,0,1,0,0,0
459,per_mark_swartz,p_chicago_housing_justice_league,role,confirmed,afgj-interlock,influencewatch.org,advocacy_research,0,1,0,0,0
460,per_marlen_s_nchez,p_instituto_agroecol_gico_latinoamerican,role,confirmed,afgj-interlock,food.berkeley.edu,other,0,0,0,0,0
461,per_mattie,p_taking_black_pride,role,confirmed,afgj-interlock,sgn.org,other_org_site,0,0,0,1,0
462,per_mattie,p_trans_women_of_color_solidarity_networ,role,confirmed,afgj-interlock,sgn.org,other_org_site,0,0,0,1,0
463,per_maurice_cook,p_march_4_racial_justice,role,confirmed,afgj-interlock,sputnikglobe.com,other,0,0,0,0,0
464,per_mavis_jay_sanders,p_queer_food_foundation,role,confirmed,afgj-interlock,queerfoodfoundation.org,other_org_site,0,0,0,1,0
465,per_mcahl_sheffield,p_chicago_housing_initiative,role,confirmed,afgj-interlock,chicagohousinginitiative.org,other_org_site,0,0,0,1,0
466,per_meghan_maurus,p_just_info,role,confirmed,afgj-interlock,nacle.com,other,0,0,0,0,0
467,per_melina_abdullah,p_los_angeles_community_action_network,role,confirmed,afgj-interlock,calstatela.edu,other,0,0,0,0,0
468,per_melissa_barber_md,hub_mott_haven_port_morris_community_land_st,associate,inferred,afgj-interlock,southbronxunite.org,movement_or_self,0,0,0,1,0
469,per_melissa_barber_md,p_south_bronx_unite,role,confirmed,afgj-interlock,southbronxunite.org,movement_or_self,0,0,0,1,0
470,per_michael_cox,hub_massachusetts_bail,associate,inferred,afgj-interlock,worldpeacefoundation.org,other_org_site,0,0,0,1,0
471,per_michael_cox,p_black_and_pink_ma,role,confirmed,afgj-interlock,worldpeacefoundation.org,other_org_site,0,0,0,1,0
472,per_michael_novick,hub_ifnotnow,associate,inferred,afgj-interlock,laprogressive.com,other,0,0,0,0,0
473,per_michael_novick,p_change_links_newspaper,role,confirmed,afgj-interlock,laprogressive.com,other,0,0,0,0,0
474,per_mirely_baca,per_t_loving,associate,inferred,afgj-interlock|_mined,tucsonspotlight.org,news,0,0,0,0,0
475,per_mirely_baca,per_vik_velazquez_morales,associate,inferred,afgj-interlock|_mined,tucsonspotlight.org,news,0,0,0,0,0
476,per_mirely_baca,p_kindred_connections,role,confirmed,afgj-interlock,tucsonspotlight.org,news,0,0,0,0,0
477,per_mohyeddin_abdulaziz,p_arizona_palestine_solidarity_alliance,role,confirmed,afgj-interlock,azpalnetwork.com,other,0,0,0,0,0
478,per_moira_meltzer_cohen,p_just_info,role,confirmed,afgj-interlock,lpr.com,other,0,0,0,0,0
479,per_monxo_lopez,hub_mott_haven_port_morris_community_land_st,associate,inferred,afgj-interlock,southbronxunite.org,movement_or_self,0,0,0,1,0
480,per_monxo_lopez,p_south_bronx_unite,role,confirmed,afgj-interlock,southbronxunite.org,movement_or_self,0,0,0,1,0
481,per_mychal_johnson,hub_mott_haven_port_morris_community_land_st,associate,inferred,afgj-interlock,southbronxunite.org,movement_or_self,0,0,0,1,0
482,per_mychal_johnson,p_south_bronx_unite,role,confirmed,afgj-interlock,southbronxunite.org,movement_or_self,0,0,0,1,0
483,per_nate_kleinman,hub_occupy_sandy,associate,inferred,afgj-interlock,nateforcongress.com,movement_or_self,0,0,0,1,0
484,per_nate_kleinman,hub_occupy_wall_street,associate,inferred,afgj-interlock,nateforcongress.com,movement_or_self,0,0,0,1,0
485,per_nate_kleinman,p_interoccupy,role,confirmed,afgj-interlock,nateforcongress.com,movement_or_self,0,0,0,1,0
486,per_nathan_sheard,p_black_movement_law_project,role,confirmed,afgj-interlock,ferguson-legal-47f1.squarespace.com,other,0,0,0,0,0
487,per_nathan_sheard,p_just_info,associate,inferred,afgj-interlock,ferguson-legal-47f1.squarespace.com,other,0,0,0,0,0
488,per_oren_robinson,hub_opposed_to_militarism_draft,associate,inferred,afgj-interlock,nnomy.org,movement_or_self,0,0,0,1,0
489,per_oren_robinson,p_national_network_opposing_the_militari,role,confirmed,afgj-interlock,nnomy.org,movement_or_self,0,0,0,1,0
490,per_pablo_benson_silva,hub_occupy_sandy,associate,inferred,afgj-interlock,influencewatch.org,advocacy_research,0,1,0,0,0
491,per_pablo_benson_silva,hub_occupy_wall_street,associate,inferred,afgj-interlock,influencewatch.org,advocacy_research,0,1,0,0,0
492,per_pablo_benson_silva,p_movement_net_lab,role,confirmed,afgj-interlock,influencewatch.org,advocacy_research,0,1,0,0,0
493,per_page_may,hub_assata_shakur,associate,inferred,afgj-interlock,citybureau.org,other_org_site,0,0,0,1,0
494,per_page_may,p_assata_s_daughters,role,confirmed,afgj-interlock,citybureau.org,other_org_site,0,0,0,1,0
495,per_pat_alviso,p_national_network_opposing_the_militari,role,confirmed,afgj-interlock,nnomy.org,movement_or_self,0,0,0,1,0
496,per_rachel_o_leary_carmona,hub_movement_netlab,associate,inferred,afgj-interlock,adastra.management,movement_or_self,0,0,0,1,0
497,per_rachel_o_leary_carmona,hub_women_s_march,associate,inferred,afgj-interlock,adastra.management,movement_or_self,0,0,0,1,0
498,per_rachel_o_leary_carmona,p_adastra,role,confirmed,afgj-interlock,adastra.management,movement_or_self,0,0,0,1,0
499,per_rachel_wilson,p_chicago_housing_justice_league,role,confirmed,afgj-interlock,influencewatch.org,advocacy_research,0,1,0,0,0
500,per_rebecca_heinegg,p_just_info,role,confirmed,afgj-interlock,kunstlerlaw.net,other,0,0,0,0,0
501,per_rick_jahnkow,hub_opposed_to_militarism_draft,associate,inferred,afgj-interlock,nnomy.org,movement_or_self,0,0,0,1,0
502,per_rick_jahnkow,p_national_network_opposing_the_militari,role,confirmed,afgj-interlock,nnomy.org,movement_or_self,0,0,0,1,0
503,per_samantha_butler,p_chicago_housing_initiative,role,confirmed,afgj-interlock,chicagohousinginitiative.org,other_org_site,0,0,0,1,0
504,per_samantha_parsons,p_corporate_genome_project,role,confirmed,afgj-interlock,corporategenomeproject.org,other_org_site,0,0,0,1,0
505,per_samantha_parsons,p_real_food_generation,role,confirmed,afgj-interlock,corporategenomeproject.org,other_org_site,0,0,0,1,0
506,per_steve_lalla,p_orinoco_tribune,role,confirmed,afgj-interlock,orinocotribune.com,movement_or_self,0,0,0,1,0
507,per_sunny_levine,p_queer_food_foundation,role,confirmed,afgj-interlock,launchherawards.weareupspring.com,other,0,0,0,0,0
508,per_sunsara_taylor,p_refuse_fascism,role,confirmed,afgj-interlock,refusefascism.org,other_org_site,0,0,0,1,0
509,per_t_dubb_o,p_hands_up_united,role,confirmed,afgj-interlock,firstalert4.com,other,0,0,0,0,0
510,per_t_loving,hub_trans_justice_funding,associate,inferred,afgj-interlock,tucsonspotlight.org,news,0,0,0,0,0
511,per_t_loving,per_vik_velazquez_morales,associate,inferred,afgj-interlock|_mined,tucsonspotlight.org,news,0,0,0,0,0
512,per_t_loving,p_kindred_connections,role,confirmed,afgj-interlock,tucsonspotlight.org,news,0,0,0,0,0
513,per_t_sheri_dickerson,hub_massachusetts_bail,associate,inferred,afgj-interlock,justice.gov,official_records,1,0,0,0,0
514,per_t_sheri_dickerson,p_black_lives_matter_oklahoma_city,role,confirmed,afgj-interlock,justice.gov,official_records,1,0,0,0,0
515,per_tamara_shapiro,hub_movement_netlab,associate,inferred,afgj-interlock,worldfellowship.org,movement_or_self,0,0,0,1,0
516,per_tamara_shapiro,hub_occupy_sandy,associate,inferred,afgj-interlock,worldfellowship.org,movement_or_self,0,0,0,1,0
517,per_tamara_shapiro,p_interoccupy,associate,inferred,afgj-interlock,worldfellowship.org,movement_or_self,0,0,0,1,0
518,per_tamara_shapiro,p_movement_net_lab,role,confirmed,afgj-interlock,worldfellowship.org,movement_or_self,0,0,0,1,0
519,per_tara_thompson,hub_dream_defenders,associate,inferred,afgj-interlock,colorlines.com,news,0,0,0,0,0
520,per_tara_thompson,per_tef_poe,associate,inferred,afgj-interlock|_mined,colorlines.com,news,0,0,0,0,0
521,per_tara_thompson,p_hands_up_united,role,confirmed,afgj-interlock,colorlines.com,news,0,0,0,0,0
522,per_taureen_tory_russell,per_tef_poe,associate,inferred,afgj-interlock,archive.thinkprogress.org,other_org_site,0,0,0,1,0
523,per_taureen_tory_russell,p_hands_up_united,role,confirmed,afgj-interlock,archive.thinkprogress.org,other_org_site,0,0,0,1,0
524,per_tef_poe,hub_dead_prez,associate,inferred,afgj-interlock,berklee.edu,news,0,0,0,0,0
525,per_tef_poe,hub_dream_defenders,associate,inferred,afgj-interlock,berklee.edu,news,0,0,0,0,0
526,per_tef_poe,hub_talib_kweli,associate,inferred,afgj-interlock,berklee.edu,news,0,0,0,0,0
527,per_tef_poe,p_hands_up_united,role,confirmed,afgj-interlock,berklee.edu,news,0,0,0,0,0
528,per_trayce_peterson,p_arizona_palestine_solidarity_alliance,associate,inferred,afgj-interlock,borderlinks.org,other_org_site,0,0,0,1,0
529,per_trayce_peterson,p_splitseed_productions,role,confirmed,afgj-interlock,borderlinks.org,other_org_site,0,0,0,1,0
530,per_vee_morris_moore,hub_assata_shakur,associate,inferred,afgj-interlock,thetriibe.com,other,0,0,0,0,0
531,per_vee_morris_moore,p_assata_s_daughters,role,confirmed,afgj-interlock,thetriibe.com,other,0,0,0,0,0
532,per_vik_velazquez_morales,hub_trans_justice_funding,associate,inferred,afgj-interlock,tucsonspotlight.org,news,0,0,0,0,0
533,per_vik_velazquez_morales,p_kindred_connections,role,confirmed,afgj-interlock,tucsonspotlight.org,news,0,0,0,0,0
534,pf,ev_vz_election_2024,convened_solidarity,confirmed,latam-solidarity,peoplesforum.org,movement_or_self,0,0,0,1,0
535,pf,hatuey,fiscal_host,confirmed,hatuey,hatueyproject.org,movement_or_self,0,0,0,1,0
536,pf,icap,interlock,inferred,rubio-cuba,foxnews.com|state.gov,advocacy_research|government,0,0,0,0,0
537,pf,ipa,anchors,confirmed,latam-solidarity,influencewatch.org|en.wikipedia.org,advocacy_research|encyclopedic,0,0,0,0,0
538,pf,rub_national_network_on_cuba,hosted,inferred,rubio-cuba,nnoc.org,movement_or_self,0,0,0,1,0
539,pfetcher,psf,member,confirmed,singham-spine,peoplessupportfoundation.org|projects.propublica.org,official_records|other_org_site,1,0,0,0,0
540,prashad,pi,council,inferred,rls-germany,progressive.international,movement_or_self,0,0,0,1,0
541,prashad,rls_nyc,contributor,confirmed,rls-germany,rosalux.nyc,movement_or_self,0,0,0,1,0
542,prashad,tricontinental,director,confirmed,rls-germany,thetricontinental.org,movement_or_self,0,0,0,1,0
543,prashad,tricontinental,member,confirmed,singham-spine,wikidata.org|projects.propublica.org,official_records|other_org_site,1,0,0,0,0
544,prashad,tricontinental,role,confirmed,rubio-cuba,en.wikipedia.org,encyclopedic,0,0,1,0,0
545,press_tv,benjamin,media_appearance,confirmed,iran-network,memri.org,advocacy_research,0,1,0,0,0
546,press_tv,benjamin,phone_contact,confirmed,iran-network,networkcontagion.us,advocacy_research,0,1,0,0,0
547,psf,jef,grant,confirmed,iran-network,projects.propublica.org,official_records,1,0,0,0,0
548,psl,ev_antifa_festival_2025,attended,confirmed,latam-solidarity,x.com,social,0,0,0,1,0
549,psl,ev_vz_election_2024,endorsed,confirmed,latam-solidarity,peoplesforum.org,movement_or_self,0,0,0,1,0
550,psl,ev_wfys_2005,attended,confirmed,latam-solidarity,liberationnews.org,movement_or_self,0,0,0,1,0
551,hatuey,psl,covered_by,inferred,hatuey,influencewatch.org|hatueyproject.org,advocacy_research|movement_or_self,0,0,0,0,0
552,psl,icap,interlock,inferred,rubio-cuba,foxnews.com|state.gov,advocacy_research|government,0,0,0,0,0
553,psl,ipa,member,confirmed,latam-solidarity,en.wikipedia.org,encyclopedic,0,0,1,0,0
554,puryear,pf,member,confirmed,singham-spine,en.wikipedia.org|projects.propublica.org,encyclopedic|official_records,1,0,0,0,0
555,puryear,russia,foreign_tie,inferred,singham-spine,en.wikipedia.org,encyclopedic,0,0,1,0,0
556,reyes,btm,member,confirmed,singham-spine,linkedin.com|projects.propublica.org,official_records|social,1,0,0,0,0
557,reyes,iran,foreign_tie,inferred,singham-spine,linkedin.com,social,0,0,0,1,0
558,richard_becker,answer,coordinator,confirmed,hatuey,discoverthenetworks.org|en.wikipedia.org,advocacy_research|encyclopedic,0,0,0,0,0
559,richard_becker,china,foreign_tie,inferred,singham-spine,missionlocal.org,other_org_site,0,0,0,1,0
560,richard_becker,lariva,spouse,confirmed,hatuey,adl.org,advocacy_research,0,1,0,0,0
561,richard_becker,psl,co_founder,confirmed,hatuey,en.wikipedia.org|adl.org,advocacy_research|encyclopedic,0,0,0,0,0
562,rls_berlin,rls_nyc,funds,confirmed,rls-germany,projects.propublica.org|grantmakers.io,official_records|other,1,0,0,0,0
563,rls_nyc,dsa,funds,confirmed,rls-germany,grantmakers.io|dsausa.org,movement_or_self|other,0,0,0,0,0
564,rls_nyc,dsa_fund,joint_poll,confirmed,rls-germany,rosalux.nyc,movement_or_self,0,0,0,1,0
565,rls_nyc,jacobin,cosponsor,confirmed,rls-germany,rosalux.nyc,movement_or_self,0,0,0,1,0
566,rls_nyc,o4p,operates,confirmed,rls-germany,rosalux.de,movement_or_self,0,0,0,1,0
567,rls_nyc,wfp,training,inferred,rls-germany,keywiki.org,advocacy_research,0,1,0,0,0
568,rls_nyc,ydsa,funds,inferred,rls-germany,keywiki.org,advocacy_research,0,1,0,0,0
569,ron,tricontinental,role,inferred,rubio-cuba,thetricontinental.org,movement_or_self,0,0,0,1,0
570,rose_benjamin,arc_of_justice,funds,confirmed,iran-network,projects.propublica.org,official_records,1,0,0,0,0
571,rub_african_national_congress,rubio_report,cited_context,inferred,rubio-cuba,state.gov,government,0,0,0,0,0
572,rub_al_tajammu,rubio_report,cited_context,inferred,rubio-cuba,state.gov,government,0,0,0,0,0
573,rub_alpha_66,rubio_report,cited_opposition,inferred,rubio-cuba,state.gov,government,0,0,0,0,0
574,rub_amazon_labor_union,rubio_report,cited_context,inferred,rubio-cuba,state.gov,government,0,0,0,0,0
575,rub_amistur_cuba_sa,icap,subsidiary,confirmed,rubio-cuba,state.gov,government,0,0,0,0,0
576,rub_belly_of_the_beast_llc,rubio_report,cited_context,inferred,rubio-cuba,state.gov,government,0,0,0,0,0
577,rub_black_liberation_army,rubio_report,cited_historical,inferred,rubio-cuba,state.gov,government,0,0,0,0,0
578,rub_black_lives_matter_at_scho,rubio_report,cited_context,inferred,rubio-cuba,state.gov,government,0,0,0,0,0
579,rub_black_lives_matter_grassro,rubio_report,cited_context,inferred,rubio-cuba,state.gov,government,0,0,0,0,0
580,rub_black_panther_party,rubio_report,cited_historical,inferred,rubio-cuba,state.gov,government,0,0,0,0,0
581,rub_british_cuba_solidarity_ca,rubio_report,cited_network,inferred,rubio-cuba,state.gov,government,0,0,0,0,0
582,rub_brothers_to_the_rescue,rubio_report,cited_opposition,inferred,rubio-cuba,state.gov,government,0,0,0,0,0
583,rub_canadian_network_on_cuba,rubio_report,cited_network,inferred,rubio-cuba,state.gov,government,0,0,0,0,0
584,rub_changingfrequencies,rubio_report,cited_context,inferred,rubio-cuba,state.gov,government,0,0,0,0,0
585,rub_communist_party_usa,rub_national_network_on_cuba,member,confirmed,rubio-cuba,nnoc.org,movement_or_self,0,0,0,1,0
586,rub_cuban_american_national_fo,rubio_report,cited_opposition,inferred,rubio-cuba,state.gov,government,0,0,0,0,0
587,rub_cuban_interests_section,icap,coordinates_with,inferred,rubio-cuba,state.gov,government,0,0,0,0,0
588,rub_cuban_mission_to_the_un,cuba,state_organ,inferred,rubio-cuba,state.gov,government,0,0,0,0,0
589,rub_democratic_front_for_the_l,rubio_report,cited_designation,inferred,rubio-cuba,state.gov,government,0,0,0,0,0
590,rub_eln,rubio_report,cited_designation,inferred,rubio-cuba,state.gov,government,0,0,0,0,0
591,rub_equality_for_flatbush,rubio_report,cited_context,inferred,rubio-cuba,kenklippenstein.com,other,0,0,0,0,0
592,rub_f_4_commandos,rubio_report,cited_opposition,inferred,rubio-cuba,state.gov,government,0,0,0,0,0
593,rub_fair_play_for_cuba_committ,rubio_report,cited_historical,inferred,rubio-cuba,state.gov,government,0,0,0,0,0
594,rub_faln,rubio_report,cited_historical,inferred,rubio-cuba,state.gov,government,0,0,0,0,0
595,rub_george_floyd_riots_antifa,rubio_report,cited_context,inferred,rubio-cuba,state.gov,government,0,0,0,0,0
596,rub_germany_cuba_friendship_as,rubio_report,cited_network,inferred,rubio-cuba,state.gov,government,0,0,0,0,0
597,global_exchange,rub_national_network_on_cuba,member,confirmed,rubio-cuba|_mined,nnoc.org,movement_or_self,0,0,0,1,0
598,rub_haitian_women_for_haitian,rubio_report,cited_context,inferred,rubio-cuba,state.gov,government,0,0,0,0,0
599,rub_hamas,rubio_report,cited_designation,inferred,rubio-cuba,state.gov,government,0,0,0,0,0
600,rub_hezbollah,rubio_report,cited_designation,inferred,rubio-cuba,state.gov,government,0,0,0,0,0
601,rub_houthis,rubio_report,cited_designation,inferred,rubio-cuba,state.gov,government,0,0,0,0,0
602,rub_ifco_pastors_for_peace,rub_claudia_jones_school,fiscal_sponsor,inferred,rubio-cuba,claudiajonesschool.org,other_org_site,0,0,0,1,0
603,rub_ifco_pastors_for_peace,rub_national_network_on_cuba,member,confirmed,rubio-cuba,nnoc.org,movement_or_self,0,0,0,1,0
604,rub_ifco_pastors_for_peace,rub_the_jericho_movement,fiscal_sponsor,inferred,rubio-cuba,thejerichomovement.com,other,0,0,0,0,0
605,rub_ifco_pastors_for_peace,rub_venceremos_brigade,fiscal_sponsor,inferred,rubio-cuba,vb4cuba.com,other,0,0,0,0,0
606,rub_international_may_day_brig,icap,interlock,confirmed,rubio-cuba,state.gov,government,0,0,0,0,0
607,rub_m_19,rubio_report,cited_designation,inferred,rubio-cuba,state.gov,government,0,0,0,0,0
608,rub_macheteros,rubio_report,cited_historical,inferred,rubio-cuba,state.gov,government,0,0,0,0,0
609,rub_may_19th_communist_organiz,rubio_report,cited_historical,inferred,rubio-cuba,state.gov,government,0,0,0,0,0
610,rub_montoneros,rubio_report,cited_historical,inferred,rubio-cuba,state.gov,government,0,0,0,0,0
611,rub_nation_of_islam,rubio_report,cited_context,inferred,rubio-cuba,state.gov,government,0,0,0,0,0
612,rub_national_conference_of_bla,rubio_report,cited_context,inferred,rubio-cuba,state.gov,government,0,0,0,0,0
613,rub_national_network_on_cuba,icap,interlock,confirmed,rubio-cuba,state.gov,government,0,0,0,0,0
614,rub_national_network_on_cuba,rubio_report,cited_network,confirmed,rubio-cuba,state.gov,government,0,0,0,0,0
615,rub_olas,rubio_report,cited_context,inferred,rubio-cuba,state.gov,government,0,0,0,0,0
616,rub_p_alicia_garza,rub_black_lives_matter_global,role,inferred,rubio-cuba,en.wikipedia.org,encyclopedic,0,0,1,0,0
617,rub_p_angela_davis,rubio_report,cited_context,inferred,rubio-cuba,state.gov,government,0,0,0,0,0
618,rub_p_antonio_guerrero,rub_the_wasp_network_red_avisp,role,inferred,rubio-cuba,en.wikipedia.org,encyclopedic,0,0,1,0,0
619,rub_p_asad_rehman,rub_thousand_currents,role,inferred,rubio-cuba,thousandcurrents.org,other_org_site,0,0,0,1,0
620,rub_p_bernardine_dohrn,rub_weather_underground,role,inferred,rubio-cuba,en.wikipedia.org,encyclopedic,0,0,1,0,0
621,rub_p_bill_ayers,rub_weather_underground,role,inferred,rubio-cuba,en.wikipedia.org,encyclopedic,0,0,1,0,0
622,rub_p_charles_charlie_hill,rub_republic_of_new_afrika,role,inferred,rubio-cuba,cbsnews.com,news,0,0,0,0,0
623,rub_p_fernando_gonz_lez_llor,icap,role,confirmed,rubio-cuba,en.wikipedia.org|state.gov,encyclopedic|government,0,0,0,0,0
624,rub_p_fernando_gonz_lez_llor,rub_the_wasp_network_red_avisp,role,confirmed,rubio-cuba,en.wikipedia.org,encyclopedic,0,0,1,0,0
625,rub_p_george_galloway,rub_viva_palestina_us,role,inferred,rubio-cuba,en.wikipedia.org,encyclopedic,0,0,1,0,0
626,rub_p_gerardo_hern_ndez,rub_the_wasp_network_red_avisp,role,inferred,rubio-cuba,en.wikipedia.org,encyclopedic,0,0,1,0,0
627,rub_p_gustavo_petro,rub_m_19,role,inferred,rubio-cuba,en.wikipedia.org,encyclopedic,0,0,1,0,0
628,rub_p_kathy_boudin,rub_may_19th_communist_organiz,role,inferred,rubio-cuba,en.wikipedia.org,encyclopedic,0,0,1,0,0
629,rub_p_kathy_boudin,rub_weather_underground,role,inferred,rubio-cuba,en.wikipedia.org,encyclopedic,0,0,1,0,0
630,rub_p_nayef_hawatmeh,rub_democratic_front_for_the_l,role,inferred,rubio-cuba,en.wikipedia.org,encyclopedic,0,0,1,0,0
631,rub_p_nayef_hawatmeh,pflp,role,inferred,rubio-cuba,en.wikipedia.org,encyclopedic,0,0,1,0,0
632,rub_p_onyesonwu_chatoyer,rub_international_may_day_brig,role,confirmed,rubio-cuba,hoodcommunist.org|nnoc.org,movement_or_self|other_org_site,0,0,0,1,0
633,rub_p_onyesonwu_chatoyer,rub_national_network_on_cuba,role,confirmed,rubio-cuba,hoodcommunist.org,other_org_site,0,0,0,1,0
634,rub_p_onyesonwu_chatoyer,rub_venceremos_brigade,role,confirmed,rubio-cuba,hoodcommunist.org,other_org_site,0,0,0,1,0
635,rub_p_opal_tometi,bap,role,inferred,rubio-cuba,en.wikipedia.org,encyclopedic,0,0,1,0,0
636,rub_p_opal_tometi,rub_black_lives_matter_global,role,inferred,rubio-cuba,en.wikipedia.org,encyclopedic,0,0,1,0,0
637,rub_p_paul_larudee,rub_association_for_investment,role,inferred,rubio-cuba,en.wikipedia.org,encyclopedic,0,0,1,0,0
638,rub_p_ram_n_laba_ino,rub_the_wasp_network_red_avisp,role,inferred,rubio-cuba,en.wikipedia.org,encyclopedic,0,0,1,0,0
639,rub_p_ren_gonz_lez,rub_the_wasp_network_red_avisp,role,inferred,rubio-cuba,en.wikipedia.org,encyclopedic,0,0,1,0,0
640,rub_p_rev_lucius_walker,rub_ifco_pastors_for_peace,role,confirmed,rubio-cuba,state.gov,government,0,0,0,0,0
641,rub_p_robert_f_williams,rub_black_panther_party,cited_historical,inferred,rubio-cuba,en.wikipedia.org,encyclopedic,0,0,1,0,0
642,rub_p_robert_f_williams,rub_naacp,role,inferred,rubio-cuba,en.wikipedia.org,encyclopedic,0,0,1,0,0
643,rub_p_suzanne_adely,nlg,role,confirmed,rubio-cuba,nlginternational.org,other_org_site,0,0,0,1,0
644,rub_palestine_liberation_organ,rubio_report,cited_designation,inferred,rubio-cuba,state.gov,government,0,0,0,0,0
645,rub_palestinian_islamic_jihad,rubio_report,cited_designation,inferred,rubio-cuba,state.gov,government,0,0,0,0,0
646,pflp,rubio_report,cited_designation,inferred,rubio-cuba,state.gov,government,0,0,0,0,0
647,rub_radio_habana,icap,state_media,inferred,rubio-cuba,state.gov,government,0,0,0,0,0
648,rub_republic_of_new_afrika,rubio_report,cited_historical,inferred,rubio-cuba,state.gov,government,0,0,0,0,0
649,rub_student_nonviolent_coordin,rubio_report,cited_historical,inferred,rubio-cuba,state.gov,government,0,0,0,0,0
650,rub_students_for_a_democratic,rubio_report,cited_historical,inferred,rubio-cuba,state.gov,government,0,0,0,0,0
651,rub_the_wasp_network_red_avisp,icap,controls,confirmed,rubio-cuba,state.gov,government,0,0,0,0,0
652,rub_thousand_currents,rub_black_lives_matter_global,fiscal_sponsor,confirmed,rubio-cuba,blog.charitywatch.org,other_org_site,0,0,0,1,0
653,rub_thousand_currents,rubio_report,cited_context,inferred,rubio-cuba,state.gov,government,0,0,0,0,0
654,rub_tupamaros,rubio_report,cited_designation,inferred,rubio-cuba,state.gov,government,0,0,0,0,0
655,rub_venceremos_brigade,icap,interlock,confirmed,rubio-cuba,vb4cuba.com|state.gov,government|other,0,0,0,0,0
656,rub_venceremos_brigade,rub_national_network_on_cuba,member,confirmed,rubio-cuba,nnoc.org,movement_or_self,0,0,0,1,0
657,rub_weather_underground,rubio_report,cited_historical,inferred,rubio-cuba,state.gov,government,0,0,0,0,0
658,rub_witness_for_peace_solidari,rub_national_network_on_cuba,member,confirmed,rubio-cuba,nnoc.org,movement_or_self,0,0,0,1,0
659,rub_zimbabwe_african_people_s,cuba,foreign_tie,inferred,rubio-cuba,state.gov,government,0,0,0,0,0
660,samidoun,pflp,designated,confirmed,iran-network,home.treasury.gov,official_records,1,0,0,0,0
661,scharenberg,cpc,organized_delegation,inferred,rls-germany,keywiki.org,advocacy_research,0,1,0,0,0
662,scharenberg,rls_nyc,director,confirmed,rls-germany,keywiki.org,advocacy_research,0,1,0,0,0
663,singham,china,aligned,inferred,singham-spine,newlinesmag.com|waysandmeans.house.gov,advocacy_research|official_records,1,0,0,0,0
664,singham,china,foreign_tie,inferred,singham-spine,newlinesmag.com|waysandmeans.house.gov,advocacy_research|official_records,1,0,0,0,0
665,singham,codepink,role,confirmed,rubio-cuba,en.wikipedia.org,encyclopedic,0,0,1,0,0
666,singham,jef,controls,inferred,singham-spine,waysandmeans.house.gov|newlinesmag.com,advocacy_research|official_records,1,0,0,0,0
667,singham,pf,funds,confirmed,hatuey,adl.org|waysandmeans.house.gov,advocacy_research|official_records,1,0,0,0,0
668,singham,pf,role,confirmed,rubio-cuba,en.wikipedia.org,encyclopedic,0,0,1,0,0
669,singham,tricontinental,role,confirmed,rubio-cuba,en.wikipedia.org,encyclopedic,0,0,1,0,0
670,singham,venezuela,foreign_tie,inferred,singham-spine,washingtonexaminer.com,advocacy_research,0,1,0,0,0
671,singham_shanti,china,foreign_tie,inferred,singham-spine,jewishinsider.com,other,0,0,0,0,0
672,souers,ev_vz_election_2024,accompanied,confirmed,latam-solidarity,consortiumnews.com,other,0,0,0,0,0
673,stein,iran,foreign_tie,confirmed,iran-network,adl.org,advocacy_research,0,1,0,0,0
674,stein,jvp,affiliation,confirmed,iran-network,adl.org,advocacy_research,0,1,0,0,0
675,sunkara,dsa,member,inferred,rls-germany,en.wikipedia.org,encyclopedic,0,0,1,0,0
676,sunkara,jacobin,founder,confirmed,rls-germany,rosalux.nyc,movement_or_self,0,0,0,1,0
677,sunkara,rls_nyc,lecturer,confirmed,rls-germany,rosalux.nyc,movement_or_self,0,0,0,1,0
678,svart,dsa,director,confirmed,rls-germany,en.wikipedia.org,encyclopedic,0,0,1,0,0
679,svart,rls_nyc,participant,inferred,rls-germany,keywiki.org,advocacy_research,0,1,0,0,0
680,syriza,pel,member,confirmed,rls-germany,en.wikipedia.org,encyclopedic,0,0,1,0,0
681,taylor,jef,member,confirmed,singham-spine,projects.propublica.org,official_records,1,0,0,0,0
682,tfa,ev_antifa_festival_2025,attended,inferred,latam-solidarity,venezuelasolidaritynetwork.org,movement_or_self,0,0,0,1,0
683,tfa,ev_vz_election_2024,endorsed,confirmed,latam-solidarity,peoplesforum.org,movement_or_self,0,0,0,1,0
684,theoharis,uts,member,confirmed,singham-spine,en.wikipedia.org|projects.propublica.org,encyclopedic|official_records,1,0,0,0,0
685,tighe_barry,codepink,affiliation,confirmed,iran-network,trtworld.com,other,0,0,0,0,0
686,tighe_barry,iran,foreign_tie,confirmed,iran-network,codepink.org,movement_or_self,0,0,0,1,0
687,tighe_barry,iranian_red_crescent,attended_delegation,confirmed,iran-network,codepink.org,movement_or_self,0,0,0,1,0
688,tricontinental,ipa,anchors,confirmed,latam-solidarity,en.wikipedia.org,encyclopedic,0,0,1,0,0
689,ucf,pf,funds,confirmed,rls-germany,influencewatch.org,advocacy_research,0,1,0,0,0
690,trochowski,rls_berlin,director,confirmed,rls-germany,en.wikipedia.org,encyclopedic,0,0,1,0,0
691,uspc,ev_antifa_festival_2025,attended,confirmed,latam-solidarity,venezuelasolidaritynetwork.org,movement_or_self,0,0,0,1,0
692,uspc,ev_vz_election_2024,observed,confirmed,latam-solidarity,icssmarx.org,other_org_site,0,0,0,1,0
693,valente,ev_maduro_inaug_2025,attended,confirmed,latam-solidarity,nodal.am,other,0,0,0,0,0
694,valente,fsp,secretary,confirmed,latam-solidarity,nodal.am,other,0,0,0,0,0
695,viq,hatuey,co_signatory,confirmed,hatuey,hatueyproject.org,movement_or_self,0,0,0,1,0
696,viq,hub_andira_alves,associate,inferred,afgj-interlock,hatueyproject.org,movement_or_self,0,0,0,1,0
697,viq,hub_leni_villag_mez_reeves,associate,inferred,afgj-interlock,hatueyproject.org,movement_or_self,0,0,0,1,0
698,viq,hub_will_kohr,associate,inferred,afgj-interlock,hatueyproject.org,movement_or_self,0,0,0,1,0
699,viq,marsh,associate,inferred,afgj-interlock,hatueyproject.org,movement_or_self,0,0,0,1,0
700,vsn,ev_vz_election_2024,endorsed,confirmed,latam-solidarity,peoplesforum.org|venezuelasolidaritynetwork.org,movement_or_self,0,0,0,1,0
701,wathington,psf,former_officer,inferred,singham-spine,confengine.com|projects.propublica.org,official_records|other,1,0,0,0,0
702,wfdy,ev_wfys_2005,organized,confirmed,latam-solidarity,en.wikipedia.org,encyclopedic,0,0,1,0,0
703,wider,pf,member,inferred,singham-spine,peoplesforum.org,movement_or_self,0,0,0,1,0
704,wider,jef,member,confirmed,singham-spine,peoplesforum.org,movement_or_self,0,0,0,1,0
705,xiao,china,aligned,inferred,singham-spine,liberationschool.org,other_org_site,0,0,0,1,0
706,xiao,pf,affiliation,confirmed,singham-spine,liberationschool.org|projects.propublica.org,official_records|other_org_site,1,0,0,0,0
707,xiao,answer,coordinator,confirmed,singham-spine,liberationschool.org|projects.propublica.org,official_records|other_org_site,1,0,0,0,0
708,yee,btm,member,inferred,singham-spine,projects.propublica.org,official_records,1,0,0,0,0
709,yee,psl,editor,confirmed,hatuey,hatueyproject.org,movement_or_self,0,0,0,1,0
710,pf,rub_hamas,justified,inferred,_mined,waysandmeans.house.gov,official_records,1,0,0,0,0
711,psl,pf,network,inferred,_mined,adl.org,advocacy_research,0,1,0,0,0
712,psl,answer,network,inferred,_mined,adl.org,advocacy_research,0,1,0,0,0
713,jvp,psl,collaborator,inferred,_mined,adl.org,advocacy_research,0,1,0,0,0
714,psl,puryear,co_founder,inferred,_mined,adl.org|globalsecurity.org,advocacy_research,0,1,0,0,0
715,psl,samidoun,co-organizer,inferred,_mined,adl.org,advocacy_research,0,1,0,0,0
716,answer,samidoun,co-organizer,inferred,_mined,adl.org,advocacy_research,0,1,0,0,0
717,psl,russia,refused_to_denounce,inferred,_mined,adl.org,advocacy_research,0,1,0,0,0
718,psl,venezuela,defended,inferred,_mined,adl.org,advocacy_research,0,1,0,0,0
719,rub_black_lives_matter_global,p_black_trans_media,grant,inferred,_mined,influencewatch.org,advocacy_research,0,1,0,0,0
720,baker_gordon,kramer,spouse,inferred,_mined,en.wikipedia.org,encyclopedic,0,0,1,0,0
721,garcia,delacruz,running_mate,inferred,_mined,simple.wikipedia.org,other_org_site,0,0,0,1,0
722,delossantos,tricontinental,researcher,inferred,_mined,peoplesforum.org,movement_or_self,0,0,0,1,0
723,moseley,pf,education_coordinator,inferred,_mined,peoplesforum.org,movement_or_self,0,0,0,1,0
724,chung,pf,organizing_director,inferred,_mined,peoplesforum.org,movement_or_self,0,0,0,1,0
725,bounds,pf,coordinator,inferred,_mined,peoplesforum.org,movement_or_self,0,0,0,1,0
726,khalek,btm,host,inferred,_mined,x.com,social,0,0,0,1,0
727,gbi,kramer,affiliation,inferred,_mined,instrumentl.com,other,0,0,0,0,0
728,conway,rub_black_panther_party,member,inferred,_mined,en.wikipedia.org,encyclopedic,0,0,1,0,0
729,caruso,theoharis,spouse,inferred,_mined,en.wikipedia.org,encyclopedic,0,0,1,0,0
730,baptist,theoharis,collaborator,inferred,_mined,en.wikipedia.org,encyclopedic,0,0,1,0,0
731,p_arizona_palestine_solidarity_alliance,p_people_helping_people,network,inferred,_mined,arizonapalestine.org,other_org_site,0,0,0,1,0
732,lariva,puryear,running_mate,inferred,_mined,en.wikipedia.org,encyclopedic,0,0,1,0,0
733,lariva,icap,received,inferred,_mined,cubasi.cu,other,0,0,0,0,0
734,lariva,cuba,support,inferred,_mined,cubasi.cu,other,0,0,0,0,0
735,baptist,p_poor_people_s_economic_human_rights_ca,organizer,inferred,_mined,peoplesforum.org,movement_or_self,0,0,0,1,0
736,hub_hugo_chavez,venezuela,role,inferred,_mined,nbcnews.com,news,0,0,0,0,0
737,per_cindy_sheehan,venezuela,visited,inferred,_mined,nbcnews.com,news,0,0,0,0,0
738,hub_assata_shakur,cuba,exiled,inferred,_mined,influencewatch.org,advocacy_research,0,1,0,0,0
739,per_erika_takeo,friendsatc,coordinator,inferred,_mined,afgj.org|afgj.org|orinocotribune.com,movement_or_self,0,0,0,1,0
740,delacruz,garcia,running_mate,inferred,_mined,ballotpedia.org|en.wikipedia.org|en.wikipedia.org,encyclopedic|other_org_site,0,0,0,0,0
741,per_abraham_hassen,nlg,coordinator,inferred,_mined,influencewatch.org|dickinsonlaw.psu.edu,advocacy_research|other,0,0,0,0,0
742,benjamin,tighe_barry,collaborator,inferred,_mined,trtworld.com,other,0,0,0,0,0
743,puryear,btm,host,inferred,_mined,en.wikipedia.org,encyclopedic,0,0,1,0,0
744,puryear,psl,vice_presidential_nominee,inferred,_mined,en.wikipedia.org,encyclopedic,0,0,1,0,0
745,puryear,dsa,endorsed,inferred,_mined,en.wikipedia.org,encyclopedic,0,0,1,0,0
746,puryear,answer,organizer,inferred,_mined,en.wikipedia.org,encyclopedic,0,0,1,0,0
747,puryear,lariva,running_mate,inferred,_mined,en.wikipedia.org,encyclopedic,0,0,1,0,0
748,p_orinoco_tribune,venezuela,from,inferred,_mined,orinocotribune.com,movement_or_self,0,0,0,1,0
749,chung,jef,director,inferred,_mined,projects.propublica.org,official_records,1,0,0,0,0
750,garcia,jef,director,inferred,_mined,projects.propublica.org,official_records,1,0,0,0,0
751,rub_venceremos_brigade,cuba,sends_volunteers_to,confirmed,_mined,iacenter.org,other_org_site,0,0,0,1,0
752,hub_women_in_black,p_coalition_of_women_for_peace,collaborator,inferred,_mined,influencewatch.org,advocacy_research,0,1,0,0,0
753,p_coalition_of_women_for_peace,rub_hamas,did_not_condemn,inferred,_mined,influencewatch.org,advocacy_research,0,1,0,0,0
754,p_arizona_palestine_solidarity_alliance,nicanet,formed_through,inferred,_mined,influencewatch.org,advocacy_research,0,1,0,0,0
755,delacruz,cuba,visited,inferred,_mined,peaceandfreedom.us,other,0,0,0,0,0
756,hatuey,cuba,solidarity,confirmed,_mined,radiohc.cu,other,0,0,0,0,0
757,p_national_immigrant_solidarity_network,china,organized,inferred,_mined,immigrantsolidarity.org,other_org_site,0,0,0,1,0
758,lowengard,puf,treasurer,inferred,_mined,guidestar.org|projects.propublica.org,official_records,1,0,0,0,0
759,lowengard,puf,board_member,inferred,_mined,guidestar.org,official_records,1,0,0,0,0
760,p_labor_against_racism_and_war,dsa,shared,inferred,_mined,influencewatch.org,advocacy_research,0,1,0,0,0
761,dsa,p_arizona_educators_united,affiliation,inferred,_mined,influencewatch.org,advocacy_research,0,1,0,0,0
762,lariva,cuba,defends,inferred,_mined,breakingthechainsmag.org,other_org_site,0,0,0,1,0
763,psf,anderson-figueroa,director,inferred,_mined,peoplessupportfoundation.org,other_org_site,0,0,0,1,0
764,delossantos,cuba,foreign_tie,inferred,_mined,yahoo.com,other,0,0,0,0,0
765,delossantos,rub_hamas,lauded,inferred,_mined,yahoo.com,other,0,0,0,0,0
766,samidoun,p_international_people_s_tribunal,co_sponsor,inferred,_mined,samidoun.net,movement_or_self,0,0,0,1,0
767,rub_black_lives_matter_global,p_black_trans_travel_fund,grant,inferred,_mined,influencewatch.org,advocacy_research,0,1,0,0,0
768,per_devin_michael_lowe,p_black_trans_media,role,inferred,_mined,influencewatch.org|blacktranstravelfund.com,advocacy_research|other,0,0,0,0,0
769,answer,psl,affiliation,inferred,_mined,en.wikipedia.org|en.wikipedia.org,encyclopedic,0,0,1,0,0
770,p_black_lives_matter_oklahoma_city,rub_naacp,collaborator,inferred,_mined,influencewatch.org,advocacy_research,0,1,0,0,0
771,p_honduras_solidarity_network,global_exchange,supports,inferred,_mined,hondurassolidarity.org,other_org_site,0,0,0,1,0
772,russia,china,aligned,inferred,_mined,liberationschool.org,other_org_site,0,0,0,1,0
773,harris,venezuela,interest,inferred,_mined,taskforceamericas.org,other_org_site,0,0,0,1,0
774,harris,cuba,interest,inferred,_mined,taskforceamericas.org,other_org_site,0,0,0,1,0
775,hatuey,cuba,delivered,inferred,_mined,hatueyproject.org,movement_or_self,0,0,0,1,0
776,answer,codepink,co_initiator,inferred,_mined,answercoalition.org,movement_or_self,0,0,0,1,0
777,answer,p_popular_resistance,co_initiator,inferred,_mined,answercoalition.org,movement_or_self,0,0,0,1,0
778,codepink,p_popular_resistance,co_initiator,inferred,_mined,answercoalition.org,movement_or_self,0,0,0,1,0
779,richard_becker,hub_occupy_wall_street,supported,inferred,_mined,discoverthenetworks.org,advocacy_research,0,1,0,0,0
780,answer,hub_occupy_wall_street,associate,inferred,_mined,discoverthenetworks.org,advocacy_research,0,1,0,0,0
781,kramer,gbi,trustee,inferred,_mined,projects.propublica.org,official_records,1,0,0,0,0
782,delacruz,gbi,trustee,inferred,_mined,projects.propublica.org,official_records,1,0,0,0,0
783,per_carl_dix,p_stop_mass_incarceration_network,initiated,inferred,_mined,en.wikipedia.org,encyclopedic,0,0,1,0,0
784,per_carl_dix,per_cornel_west,collaborator,inferred,_mined,en.wikipedia.org|revcom.us,encyclopedic|movement_or_self,0,0,0,0,0
785,hrizi,puf,president,inferred,_mined,projects.propublica.org,official_records,1,0,0,0,0
786,maduro,venezuela,role,inferred,_mined,internacionalantifascista.org|en.wikipedia.org|en.wikipedia.org|influencewatch.org|fightbacknews.org|consortiumnews.com|nodal.am|venezuelasolidaritynetwork.org|orinocotribune.com|pbs.org|popularresistance.org,advocacy_research|encyclopedic|movement_or_self|other|other_org_site,0,0,0,0,0
787,hatuey,cuba,donated,inferred,_mined,hatueyproject.org,movement_or_self,0,0,0,1,0
788,hub_leni_villag_mez_reeves,hatuey,role,inferred,_mined,hatueyproject.org,movement_or_self,0,0,0,1,0
789,lariva,icap,met,inferred,_mined,hatueyproject.org,movement_or_self,0,0,0,1,0
790,hub_leni_villag_mez_reeves,icap,met,inferred,_mined,hatueyproject.org,movement_or_self,0,0,0,1,0
791,singham,btm,funds,inferred,_mined,foxnews.com,advocacy_research,0,1,0,0,0
792,singham,answer,funds,inferred,_mined,foxnews.com|en.wikipedia.org,advocacy_research|encyclopedic,0,0,0,0,0
793,singham,psl,funds,inferred,_mined,foxnews.com,advocacy_research,0,1,0,0,0
794,codepink,pi,member,inferred,_mined,progressive.international,movement_or_self,0,0,0,1,0
795,venezuela,ipa,hosted,inferred,_mined,breakthroughnews.org,movement_or_self,0,0,0,1,0
796,kaufman,p_honduras_solidarity_network,board_member,inferred,_mined,afgj.org,movement_or_self,0,0,0,1,0
797,rub_association_for_investment,p_good_shepherd_collective,fiscal_sponsor,inferred,_mined,assinvpopactcom.org,other_org_site,0,0,0,1,0
798,dsa,ydsa,affiliation,inferred,_mined,en.wikipedia.org,encyclopedic,0,0,1,0,0
799,pf,rub_venceremos_brigade,fiscal_sponsor,inferred,_mined,vb4cuba.com,other,0,0,0,0,0
800,jordan,cuba,visited,inferred,_mined,afgj.org,movement_or_self,0,0,0,1,0
801,global_exchange,cuba,travel,confirmed,_mined,globalexchange.org,movement_or_self,0,0,0,1,0
802,global_exchange,iran,travel,inferred,_mined,globalexchange.org,movement_or_self,0,0,0,1,0
803,puryear,psl,member,inferred,_mined,en.wikipedia.org|foxnews.com,advocacy_research|encyclopedic,0,0,0,0,0
804,btm,psl,affiliation,inferred,_mined,en.wikipedia.org|globalsecurity.org|influencewatch.org,advocacy_research|encyclopedic,0,0,0,0,0
805,brian_becker,btm,role,inferred,_mined,en.wikipedia.org|globalsecurity.org,advocacy_research|encyclopedic,0,0,0,0,0
806,puryear,btm,role,inferred,_mined,en.wikipedia.org|globalsecurity.org,advocacy_research|encyclopedic,0,0,0,0,0
807,khalek,btm,role,inferred,_mined,en.wikipedia.org,encyclopedic,0,0,1,0,0
808,ben_becker,btm,editor-in-chief,inferred,_mined,en.wikipedia.org,encyclopedic,0,0,1,0,0
809,delacruz,btm,secretary,inferred,_mined,en.wikipedia.org,encyclopedic,0,0,1,0,0
810,btm,tricontinental,collaborator,inferred,_mined,influencewatch.org|en.wikipedia.org,advocacy_research|encyclopedic,0,0,0,0,0
811,btm,prashad,hosted,inferred,_mined,thedailybeast.com|en.wikipedia.org,encyclopedic|other,0,0,0,0,0
812,pf,psl,affiliation,inferred,_mined,en.wikipedia.org|globalsecurity.org,advocacy_research|encyclopedic,0,0,0,0,0
813,pf,btm,hosted,inferred,_mined,en.wikipedia.org,encyclopedic,0,0,1,0,0
814,delacruz,jef,coordinator,inferred,_mined,en.wikipedia.org|en.wikipedia.org,encyclopedic,0,0,1,0,0
815,hoyt,nicanet,coordinator,inferred,_mined,afgj.org,movement_or_self,0,0,0,1,0
816,per_banbose_shango,vsn,coordinator,inferred,_mined,afgj.org,movement_or_self,0,0,0,1,0
817,per_banbose_shango,rub_national_network_on_cuba,officer,inferred,_mined,afgj.org,movement_or_self,0,0,0,1,0
818,per_cornel_west,uts,role,inferred,_mined,projects.propublica.org,official_records,1,0,0,0,0
819,answer,afgj,reposted,inferred,_mined,answercoalition.org,movement_or_self,0,0,0,1,0
820,kovalik,answer,photo_credit,inferred,_mined,answercoalition.org,movement_or_self,0,0,0,1,0
821,kaufman,fsln,supports,inferred,_mined,answercoalition.org|afgj.org,movement_or_self,0,0,0,1,0
822,nicanet,fsln,supports,inferred,_mined,answercoalition.org|afgj.org,movement_or_self,0,0,0,1,0
823,afgj,fsln,supports,inferred,_mined,answercoalition.org|afgj.org,movement_or_self,0,0,0,1,0
824,nicanet,ortega,supports,inferred,_mined,answercoalition.org|afgj.org|influencewatch.org,advocacy_research|movement_or_self,0,0,0,0,0
825,afgj,ortega,supports,inferred,_mined,answercoalition.org|afgj.org,movement_or_self,0,0,0,1,0
826,brian_becker,cuba,defended,inferred,_mined,influencewatch.org,advocacy_research,0,1,0,0,0
827,brian_becker,venezuela,defended,inferred,_mined,influencewatch.org,advocacy_research,0,1,0,0,0
828,brian_becker,venezuela,sponsor,inferred,_mined,influencewatch.org,advocacy_research,0,1,0,0,0
829,answer,venezuela,sponsor,inferred,_mined,answercoalition.org,movement_or_self,0,0,0,1,0
830,hub_revolutionary_communist_party_usa,p_refuse_fascism,founder,inferred,_mined,en.wikipedia.org,encyclopedic,0,0,1,0,0
831,hub_revolutionary_communist_party_usa,p_refuse_fascism,affiliation,inferred,_mined,en.wikipedia.org,encyclopedic,0,0,1,0,0
832,p_refuse_fascism,p_world_can_t_wait,shares_address,inferred,_mined,en.wikipedia.org,encyclopedic,0,0,1,0,0
833,maduro,venezuela,president,inferred,_mined,therealnews.com,other,0,0,0,0,0
834,tricontinental,cuba,named_after,inferred,_mined,sanctionstribunal.org,other_org_site,0,0,0,1,0
835,hub_green_party,p_popular_resistance,affiliation,inferred,_mined,influencewatch.org,advocacy_research,0,1,0,0,0
836,p_popular_resistance,p_kevin_zeese_emerging_activists_fund,founder,inferred,_mined,influencewatch.org,advocacy_research,0,1,0,0,0
837,btm,khalek,contributor,inferred,_mined,en.wikipedia.org,encyclopedic,0,0,1,0,0
838,btm,puryear,host,inferred,_mined,en.wikipedia.org,encyclopedic,0,0,1,0,0
839,btm,khalek,host,inferred,_mined,en.wikipedia.org,encyclopedic,0,0,1,0,0
840,btm,brian_becker,host,inferred,_mined,en.wikipedia.org,encyclopedic,0,0,1,0,0
841,btm,ben_becker,editor,inferred,_mined,en.wikipedia.org,encyclopedic,0,0,1,0,0
842,btm,delacruz,secretary,inferred,_mined,thedailybeast.com,other,0,0,0,0,0
843,pf,btm,grant,inferred,_mined,en.wikipedia.org,encyclopedic,0,0,1,0,0
844,answer,delacruz,affiliation,inferred,_mined,en.wikipedia.org,encyclopedic,0,0,1,0,0
845,brian_becker,btm,contributor,inferred,_mined,en.wikipedia.org,encyclopedic,0,0,1,0,0
846,rub_alpha_66,cuba,active_in,inferred,_mined,en.wikipedia.org,encyclopedic,0,0,1,0,0
847,maduro,hub_hugo_chavez,praised,inferred,_mined,fightbacknews.org,movement_or_self,0,0,0,1,0
848,souers,ipa,representative,inferred,_mined,consortiumnews.com,other,0,0,0,0,0
849,maduro,hub_hugo_chavez,predecessor,inferred,_mined,consortiumnews.com,other,0,0,0,0,0
850,croce,tricontinental,secretary,inferred,_mined,projects.propublica.org,official_records,1,0,0,0,0
851,bugni,tricontinental,deputy_director,inferred,_mined,projects.propublica.org,official_records,1,0,0,0,0
852,henderson,tricontinental,director,inferred,_mined,projects.propublica.org,official_records,1,0,0,0,0
853,taylor,tricontinental,secretary,inferred,_mined,projects.propublica.org,official_records,1,0,0,0,0
854,cuba,rub_canadian_network_on_cuba,affiliation,inferred,_mined,canadiannetworkoncuba.ca,other,0,0,0,0,0
855,ipa,maduro,endorsed,inferred,_mined,influencewatch.org,advocacy_research,0,1,0,0,0
856,ipa,pi,co_signatory,inferred,_mined,influencewatch.org,advocacy_research,0,1,0,0,0
857,rub_the_jericho_movement,samidoun,solidarity,inferred,_mined,thejerichomovement.com,other,0,0,0,0,0
858,kuang,maduro,endorsed,inferred,_mined,persuasion.community,other,0,0,0,0,0
859,iran,rub_hezbollah,affiliation,inferred,_mined,en.wikipedia.org,encyclopedic,0,0,1,0,0
860,irgc,rub_hezbollah,affiliation,inferred,_mined,en.wikipedia.org,encyclopedic,0,0,1,0,0
861,chak,tricontinental,role,inferred,_mined,thetricontinental.org,movement_or_self,0,0,0,1,0
862,dpaul,tfa,member,inferred,_mined,venezuelasolidaritynetwork.org,movement_or_self,0,0,0,1,0
863,dpaul,dsa,member,inferred,_mined,venezuelasolidaritynetwork.org,movement_or_self,0,0,0,1,0
864,clarkgollub,vsn,member,inferred,_mined,venezuelasolidaritynetwork.org,movement_or_self,0,0,0,1,0
865,rub_students_for_a_democratic,rub_venceremos_brigade,affiliation,inferred,_mined,en.wikipedia.org,encyclopedic,0,0,1,0,0
866,rub_students_for_a_democratic,rub_weather_underground,secession,inferred,_mined,en.wikipedia.org,encyclopedic,0,0,1,0,0
867,venezuela,cuba,foreign_tie,inferred,_mined,rosalux.nyc,movement_or_self,0,0,0,1,0
868,maduro,venezuela,candidate,inferred,_mined,peoplesforum.org,movement_or_self,0,0,0,1,0
869,hub_hugo_chavez,venezuela,president,inferred,_mined,peoplesforum.org|counterpunch.org,movement_or_self|other_org_site,0,0,0,1,0
870,hub_assata_shakur,rub_black_panther_party,member,inferred,_mined,en.wikipedia.org,encyclopedic,0,0,1,0,0
871,hub_assata_shakur,rub_may_19th_communist_organiz,associate,inferred,_mined,en.wikipedia.org,encyclopedic,0,0,1,0,0
872,hub_assata_shakur,cuba,political_asylum,inferred,_mined,en.wikipedia.org,encyclopedic,0,0,1,0,0
873,rub_p_alicia_garza,rub_p_opal_tometi,co_founder,inferred,_mined,en.wikipedia.org,encyclopedic,0,0,1,0,0
874,ipa,venezuela,hosted,inferred,_mined,en.wikipedia.org,encyclopedic,0,0,1,0,0
875,ipa,cuba,hosted,inferred,_mined,en.wikipedia.org,encyclopedic,0,0,1,0,0
876,nicanet,answer,member,inferred,_mined,influencewatch.org,advocacy_research,0,1,0,0,0
877,hoyt,nicanet,co_director,inferred,_mined,influencewatch.org,advocacy_research,0,1,0,0,0
878,rub_national_network_on_cuba,cuba,supports,confirmed,_mined,nnoc.org,movement_or_self,0,0,0,1,0
879,rub_p_gustavo_petro,venezuela,foreign_tie,inferred,_mined,en.wikipedia.org,encyclopedic,0,0,1,0,0
880,per_sunsara_taylor,p_world_can_t_wait,chaired,inferred,_mined,en.wikipedia.org,encyclopedic,0,0,1,0,0
881,per_sunsara_taylor,hub_revolutionary_communist_party_usa,supporter,inferred,_mined,en.wikipedia.org,encyclopedic,0,0,1,0,0
882,per_debra_sweet,hub_revolutionary_communist_party_usa,supporter,inferred,_mined,en.wikipedia.org,encyclopedic,0,0,1,0,0
883,hub_revolutionary_communist_party_usa,p_world_can_t_wait,affiliation,inferred,_mined,en.wikipedia.org,encyclopedic,0,0,1,0,0
884,hub_revolutionary_communist_party_usa,p_world_can_t_wait,initiated,inferred,_mined,en.wikipedia.org,encyclopedic,0,0,1,0,0
885,ensler,per_cindy_sheehan,co_signatory,inferred,_mined,en.wikipedia.org,encyclopedic,0,0,1,0,0
886,p_world_can_t_wait,per_cindy_sheehan,supporter,inferred,_mined,en.wikipedia.org,encyclopedic,0,0,1,0,0
887,p_world_can_t_wait,ensler,supporter,inferred,_mined,en.wikipedia.org,encyclopedic,0,0,1,0,0
888,p_world_can_t_wait,p_refuse_fascism,shares_address,inferred,_mined,en.wikipedia.org,encyclopedic,0,0,1,0,0
889,rub_p_angela_davis,rub_communist_party_usa,member,inferred,_mined,en.wikipedia.org,encyclopedic,0,0,1,0,0
890,rub_p_angela_davis,rub_black_panther_party,member,inferred,_mined,en.wikipedia.org,encyclopedic,0,0,1,0,0
891,pflp,rub_palestine_liberation_organ,member,inferred,_mined,en.wikipedia.org|en.wikipedia.org,encyclopedic,0,0,1,0,0
892,rub_democratic_front_for_the_l,rub_palestine_liberation_organ,member,inferred,_mined,en.wikipedia.org|en.wikipedia.org,encyclopedic,0,0,1,0,0
893,german_gov,p_coalition_of_women_for_peace,funds,inferred,_mined,ngo-monitor.org,advocacy_research,0,1,0,0,0
894,german_gov,p_coalition_of_women_for_peace,partner,inferred,_mined,ngo-monitor.org,advocacy_research,0,1,0,0,0
895,p_coalition_of_women_for_peace,hub_women_in_black,member,inferred,_mined,ngo-monitor.org,advocacy_research,0,1,0,0,0
896,rub_black_panther_party,rub_student_nonviolent_coordin,affiliation,inferred,_mined,en.wikipedia.org,encyclopedic,0,0,1,0,0
897,per_meghan_maurus,nlg,coordinator,inferred,_mined,nacle.com,other,0,0,0,0,0
898,rub_democratic_front_for_the_l,pflp,split,inferred,_mined,en.wikipedia.org,encyclopedic,0,0,1,0,0
899,rub_democratic_front_for_the_l,rub_hamas,collaborator,inferred,_mined,en.wikipedia.org|en.wikipedia.org,encyclopedic,0,0,1,0,0
900,per_elisabeth_epps,wfp,member,inferred,_mined,elisabethepps.com,other,0,0,0,0,0
901,per_elisabeth_epps,dsa,member,inferred,_mined,elisabethepps.com,other,0,0,0,0,0
902,rub_p_leonard_boudin,nlg,member,inferred,_mined,en.wikipedia.org,encyclopedic,0,0,1,0,0
903,rub_p_kathy_boudin,rub_p_leonard_boudin,relative,inferred,_mined,en.wikipedia.org|en.wikipedia.org,encyclopedic,0,0,1,0,0
904,per_taureen_tory_russell,per_tef_poe,co_founder,inferred,_mined,archive.thinkprogress.org,other_org_site,0,0,0,1,0
905,rub_cuban_american_national_fo,cuba,opposes,inferred,_mined,en.wikipedia.org,encyclopedic,0,0,1,0,0
906,rub_cuban_american_national_fo,cuba,advocated_isolation_of,inferred,_mined,en.wikipedia.org,encyclopedic,0,0,1,0,0
907,per_rebecca_heinegg,ccr,intern,inferred,_mined,kunstlerlaw.net,other,0,0,0,0,0
908,rub_p_george_galloway,russia,foreign_tie,inferred,_mined,en.wikipedia.org,encyclopedic,0,0,1,0,0
909,pflp,rub_hamas,collaborator,inferred,_mined,en.wikipedia.org,encyclopedic,0,0,1,0,0
910,iran,rub_palestinian_islamic_jihad,funds,inferred,_mined,en.wikipedia.org,encyclopedic,0,0,1,0,0
911,rub_hamas,rub_palestinian_islamic_jihad,collaborator,inferred,_mined,en.wikipedia.org,encyclopedic,0,0,1,0,0
912,rub_palestinian_islamic_jihad,rub_hezbollah,foreign_tie,inferred,_mined,en.wikipedia.org,encyclopedic,0,0,1,0,0
913,pflp,rub_palestinian_islamic_jihad,collaborator,inferred,_mined,en.wikipedia.org,encyclopedic,0,0,1,0,0
914,per_banbose_shango,rub_national_network_on_cuba,co_chair,inferred,_mined,okgazette.com,other,0,0,0,0,0
915,cuba,icap,affiliation,inferred,_mined,fgbrdkuba.de,other,0,0,0,0,0
916,per_cheri_honkala,hub_hugo_chavez,met,inferred,_mined,economichumanrights.org,movement_or_self,0,0,0,1,0
917,prashad,singham,associate,inferred,_mined,en.wikipedia.org,encyclopedic,0,0,1,0,0
918,rub_p_ren_gonz_lez,rub_brothers_to_the_rescue,infiltrated,inferred,_mined,en.wikipedia.org|en.wikipedia.org|en.wikipedia.org,encyclopedic,0,0,1,0,0
919,rub_brothers_to_the_rescue,cuba,opposes,inferred,_mined,en.wikipedia.org,encyclopedic,0,0,1,0,0
920,rub_faln,rub_macheteros,collaborator,inferred,_mined,en.wikipedia.org,encyclopedic,0,0,1,0,0
921,per_maurice_cook,brian_becker,appeared_with,inferred,_mined,sputnikglobe.com,other,0,0,0,0,0
922,per_frank_avellone,hub_lawyers_better_housing,role,inferred,_mined,lcbh.org,other_org_site,0,0,0,1,0
923,hub_lawyers_better_housing,p_chicago_housing_justice_league,affiliation,inferred,_mined,lcbh.org,other_org_site,0,0,0,1,0
924,hub_communities_united,p_chicago_housing_justice_league,affiliation,inferred,_mined,lcbh.org,other_org_site,0,0,0,1,0
925,pf,prashad,hosted,inferred,_mined,influencewatch.org,advocacy_research,0,1,0,0,0
926,pf,samidoun,co_signatory,inferred,_mined,influencewatch.org,advocacy_research,0,1,0,0,0
927,chung,pf,director,inferred,_mined,influencewatch.org,advocacy_research,0,1,0,0,0
928,singham,chung,funds,inferred,_mined,influencewatch.org,advocacy_research,0,1,0,0,0
929,answer,codepink,partners,inferred,_mined,influencewatch.org,advocacy_research,0,1,0,0,0
930,answer,psl,partners,inferred,_mined,influencewatch.org,advocacy_research,0,1,0,0,0
931,answer,pf,partners,inferred,_mined,influencewatch.org,advocacy_research,0,1,0,0,0
932,dsa,pf,partners,inferred,_mined,influencewatch.org,advocacy_research,0,1,0,0,0
933,rub_black_liberation_army,rub_black_panther_party,split,inferred,_mined,en.wikipedia.org,encyclopedic,0,0,1,0,0
934,rub_black_liberation_army,rub_black_panther_party,affiliation,inferred,_mined,en.wikipedia.org,encyclopedic,0,0,1,0,0
935,rub_black_liberation_army,rub_republic_of_new_afrika,affiliation,inferred,_mined,en.wikipedia.org,encyclopedic,0,0,1,0,0
936,evans,ipa,member,inferred,_mined,foxnews.com,advocacy_research,0,1,0,0,0
937,delossantos,tricontinental,associate,inferred,_mined,foxnews.com,advocacy_research,0,1,0,0,0
938,delacruz,ipa,attended,inferred,_mined,foxnews.com,advocacy_research,0,1,0,0,0
939,rub_p_opal_tometi,rub_p_alicia_garza,contacted,inferred,_mined,en.wikipedia.org,encyclopedic,0,0,1,0,0
940,venezuela,rub_p_opal_tometi,invited,inferred,_mined,en.wikipedia.org,encyclopedic,0,0,1,0,0
941,alvin_benjamin,benjamin,relative,inferred,_mined,discoverthenetworks.org,advocacy_research,0,1,0,0,0
942,benjamin,rose_benjamin,relative,inferred,_mined,en.wikipedia.org|influencewatch.org,advocacy_research|encyclopedic,0,0,0,0,0
943,benjamin,rub_students_for_a_democratic,member,inferred,_mined,en.wikipedia.org,encyclopedic,0,0,1,0,0
944,benjamin,hub_green_party,affiliation,inferred,_mined,en.wikipedia.org,encyclopedic,0,0,1,0,0
945,benjamin,hub_green_shadow_cabinet,role,inferred,_mined,en.wikipedia.org,encyclopedic,0,0,1,0,0
946,benjamin,cuba,aided,inferred,_mined,en.wikipedia.org,encyclopedic,0,0,1,0,0
947,codepink,cuba,aided,inferred,_mined,en.wikipedia.org,encyclopedic,0,0,1,0,0
948,p_stop_mass_incarceration_network,per_carl_dix,co_founder,inferred,_mined,revcom.us,movement_or_self,0,0,0,1,0
949,rub_p_nayef_hawatmeh,pflp,founder,inferred,_mined,en.wikipedia.org,encyclopedic,0,0,1,0,0
950,per_makayla_heiser,codepink,campaign_manager,inferred,_mined,influencewatch.org,advocacy_research,0,1,0,0,0
951,psl,answer,founder,inferred,_mined,globalsecurity.org,advocacy_research,0,1,0,0,0
952,psl,tricontinental,foreign_tie,inferred,_mined,globalsecurity.org,advocacy_research,0,1,0,0,0
953,prashad,btm,role,inferred,_mined,globalsecurity.org,advocacy_research,0,1,0,0,0
954,benjamin,evans,co_founder,inferred,_mined,en.wikipedia.org,encyclopedic,0,0,1,0,0
955,iran,new_horizon,affiliation,inferred,_mined,home.treasury.gov,official_records,1,0,0,0,0
956,ann_wright,codepink,director,inferred,_mined,projects.propublica.org,official_records,1,0,0,0,0
957,codepink,china,advocates,inferred,_mined,newlinesmag.com,advocacy_research,0,1,0,0,0
958,psf,ucf,funds,inferred,_mined,newlinesmag.com,advocacy_research,0,1,0,0,0
959,rub_may_19th_communist_organiz,rub_weather_underground,formed_by,inferred,_mined,en.wikipedia.org,encyclopedic,0,0,1,0,0
960,rub_may_19th_communist_organiz,rub_black_liberation_army,combination,inferred,_mined,en.wikipedia.org,encyclopedic,0,0,1,0,0
961,rub_may_19th_communist_organiz,rub_weather_underground,combination,inferred,_mined,en.wikipedia.org,encyclopedic,0,0,1,0,0
962,per_kevin_zeese,per_margaret_flowers,partner,inferred,_mined,gp.org,movement_or_self,0,0,0,1,0
963,press_tv,iran,located_in,inferred,_mined,sanctionssearch.ofac.treas.gov,official_records,1,0,0,0,0
964,jvp,hub_ifnotnow,co-organizer,inferred,_mined,adl.org,advocacy_research,0,1,0,0,0
965,jvp,rub_hamas,justified,inferred,_mined,adl.org,advocacy_research,0,1,0,0,0
966,per_pat_alviso,hub_military_families_speak_out,coordinator,inferred,_mined,nnomy.org,movement_or_self,0,0,0,1,0
967,per_banbose_shango,afgj,director,inferred,_mined,projects.propublica.org,official_records,1,0,0,0,0
968,per_nathan_sheard,afgj,director,inferred,_mined,projects.propublica.org,official_records,1,0,0,0,0
969,per_dakotah_lilly,per_cindy_sheehan,attended,inferred,_mined,cindysheehanssoapbox.blogspot.com,other,0,0,0,0,0
970,per_dakotah_lilly,venezuela,attended,inferred,_mined,cindysheehanssoapbox.blogspot.com,other,0,0,0,0,0
971,rub_fair_play_for_cuba_committ,cuba,organized trips to,inferred,_mined,en.wikipedia.org,encyclopedic,0,0,1,0,0
972,rub_fair_play_for_cuba_committ,rub_p_robert_f_williams,associate,inferred,_mined,en.wikipedia.org,encyclopedic,0,0,1,0,0
973,rub_p_robert_f_williams,rub_republic_of_new_afrika,president,inferred,_mined,en.wikipedia.org,encyclopedic,0,0,1,0,0
974,rub_p_robert_f_williams,cuba,traveled_to,inferred,_mined,en.wikipedia.org,encyclopedic,0,0,1,0,0
975,rub_p_robert_f_williams,china,traveled_to,inferred,_mined,en.wikipedia.org,encyclopedic,0,0,1,0,0
976,rub_p_bernardine_dohrn,rub_p_bill_ayers,spouse,inferred,_mined,en.wikipedia.org,encyclopedic,0,0,1,0,0
977,rub_p_bernardine_dohrn,nlg,organizer,inferred,_mined,en.wikipedia.org,encyclopedic,0,0,1,0,0
978,rub_p_bernardine_dohrn,rub_students_for_a_democratic,officer,inferred,_mined,en.wikipedia.org,encyclopedic,0,0,1,0,0
979,rub_p_bernardine_dohrn,rub_p_bill_ayers,collaborator,inferred,_mined,en.wikipedia.org,encyclopedic,0,0,1,0,0
980,p_interoccupy,hub_occupy_wall_street,began_with,inferred,_mined,influencewatch.org,advocacy_research,0,1,0,0,0
981,codepink,iran,traveled_to,inferred,_mined,codepink.org,movement_or_self,0,0,0,1,0
982,benjamin,ann_wright,traveled_with,inferred,_mined,codepink.org,movement_or_self,0,0,0,1,0
983,per_kevin_zeese,per_margaret_flowers,co_founder,inferred,_mined,en.wikipedia.org,encyclopedic,0,0,1,0,0
984,codepink,per_kevin_zeese,associate,inferred,_mined,en.wikipedia.org,encyclopedic,0,0,1,0,0
985,benjamin,per_kevin_zeese,associate,inferred,_mined,en.wikipedia.org,encyclopedic,0,0,1,0,0
986,maduro,per_kevin_zeese,associate,inferred,_mined,en.wikipedia.org,encyclopedic,0,0,1,0,0
987,hub_green_party,per_kevin_zeese,associate,inferred,_mined,en.wikipedia.org,encyclopedic,0,0,1,0,0
988,per_kevin_zeese,per_margaret_flowers,associate,inferred,_mined,en.wikipedia.org,encyclopedic,0,0,1,0,0
989,codepink,zarif,met,inferred,_mined,codepink.org|nejatngo.org,movement_or_self|other_org_site,0,0,0,1,0
990,zarif,iran,role,inferred,_mined,codepink.org,movement_or_self,0,0,0,1,0
991,ann_wright,benjamin,collaborator,inferred,_mined,codepink.org,movement_or_self,0,0,0,1,0
992,rub_p_paul_larudee,iran,born_in,inferred,_mined,en.wikipedia.org,encyclopedic,0,0,1,0,0
993,rub_p_paul_larudee,press_tv,appeared_on,inferred,_mined,en.wikipedia.org,encyclopedic,0,0,1,0,0
994,rub_p_paul_larudee,rub_hamas,met,inferred,_mined,en.wikipedia.org,encyclopedic,0,0,1,0,0
995,afgj,rub_national_network_on_cuba,member,inferred,_mined,nnoc.org,movement_or_self,0,0,0,1,0
996,ips,rub_national_network_on_cuba,member,inferred,_mined,nnoc.org,movement_or_self,0,0,0,1,0
997,ann_wright,benjamin,associate,inferred,_mined,codepink.org,movement_or_self,0,0,0,1,0
998,press_tv,hispantv,spanish_version,inferred,_mined,en.wikipedia.org,encyclopedic,0,0,1,0,0
999,per_kevin_zeese,per_margaret_flowers,co-arrested,inferred,_mined,popularresistance.org,movement_or_self,0,0,0,1,0
1000,per_kevin_zeese,dpaul,co-arrested,inferred,_mined,popularresistance.org,movement_or_self,0,0,0,1,0
1001,per_margaret_flowers,dpaul,co-arrested,inferred,_mined,popularresistance.org,movement_or_self,0,0,0,1,0
1002,rub_weather_underground,rub_students_for_a_democratic,split_from,inferred,_mined,en.wikipedia.org,encyclopedic,0,0,1,0,0
1003,rub_weather_underground,rub_may_19th_communist_organiz,succeeded,inferred,_mined,en.wikipedia.org,encyclopedic,0,0,1,0,0
1004,rub_black_panther_party,rub_weather_underground,associate,inferred,_mined,en.wikipedia.org,encyclopedic,0,0,1,0,0
1005,cuba,rub_weather_underground,funds,inferred,_mined,en.wikipedia.org,encyclopedic,0,0,1,0,0
1006,rub_weather_underground,rub_may_19th_communist_organiz,member,inferred,_mined,en.wikipedia.org,encyclopedic,0,0,1,0,0
1007,rub_p_antonio_guerrero,rub_brothers_to_the_rescue,infiltrated,inferred,_mined,en.wikipedia.org|en.wikipedia.org,encyclopedic,0,0,1,0,0
1008,rub_p_ram_n_laba_ino,rub_brothers_to_the_rescue,infiltrated,inferred,_mined,en.wikipedia.org|en.wikipedia.org,encyclopedic,0,0,1,0,0
1009,singham,hub_hugo_chavez,praised,inferred,_mined,en.wikipedia.org,encyclopedic,0,0,1,0,0
1010,singham,ipa,funds,inferred,_mined,en.wikipedia.org,encyclopedic,0,0,1,0,0
1011,singham,answer,network,inferred,_mined,en.wikipedia.org,encyclopedic,0,0,1,0,0
1012,codepink,china,foreign_tie,inferred,_mined,banks.senate.gov,government,0,0,0,0,0
1013,afgj,answer,helped_form,inferred,_mined,influencewatch.org,advocacy_research,0,1,0,0,0
1014,afgj,hub_occupy_wall_street,fiscal_sponsor,inferred,_mined,influencewatch.org,advocacy_research,0,1,0,0,0
1015,afgj,cuba,advocated_for,inferred,_mined,influencewatch.org,advocacy_research,0,1,0,0,0
1016,jordan,cuba,attended,inferred,_mined,influencewatch.org,advocacy_research,0,1,0,0,0
1017,afgj,maduro,advocate,inferred,_mined,influencewatch.org,advocacy_research,0,1,0,0,0
1018,afgj,bap,co_signatory,inferred,_mined,influencewatch.org,advocacy_research,0,1,0,0,0
1019,afgj,vsn,co_signatory,inferred,_mined,influencewatch.org,advocacy_research,0,1,0,0,0
1020,afgj,uspc,co_signatory,inferred,_mined,influencewatch.org,advocacy_research,0,1,0,0,0
1021,afgj,codepink,co_signatory,inferred,_mined,influencewatch.org,advocacy_research,0,1,0,0,0
1022,afgj,tfa,co_signatory,inferred,_mined,influencewatch.org,advocacy_research,0,1,0,0,0
1023,afgj,frso,co_signatory,inferred,_mined,influencewatch.org,advocacy_research,0,1,0,0,0
1024,afgj,nlg,co_signatory,inferred,_mined,influencewatch.org,advocacy_research,0,1,0,0,0
1025,codepink,pi,affiliation,inferred,_mined,en.wikipedia.org,encyclopedic,0,0,1,0,0
1026,codepink,fsp,attended,inferred,_mined,en.wikipedia.org,encyclopedic,0,0,1,0,0
1027,codepink,venezuela,visited,inferred,_mined,en.wikipedia.org,encyclopedic,0,0,1,0,0
1028,codepink,maduro,met,inferred,_mined,en.wikipedia.org,encyclopedic,0,0,1,0,0
1029,benjamin,rub_hamas,coordinator,inferred,_mined,en.wikipedia.org,encyclopedic,0,0,1,0,0
1030,alvin_benjamin,rose_benjamin,spouse,inferred,_mined,influencewatch.org,advocacy_research,0,1,0,0,0
1031,benjamin,danaher,relative,inferred,_mined,influencewatch.org,advocacy_research,0,1,0,0,0
1032,benjamin,rub_p_bill_ayers,associate,inferred,_mined,influencewatch.org,advocacy_research,0,1,0,0,0
1033,rub_p_gerardo_hern_ndez,rub_alpha_66,infiltrated,inferred,_mined,en.wikipedia.org,encyclopedic,0,0,1,0,0
1034,rub_p_antonio_guerrero,rub_alpha_66,infiltrated,inferred,_mined,en.wikipedia.org,encyclopedic,0,0,1,0,0
1035,rub_p_ram_n_laba_ino,rub_alpha_66,infiltrated,inferred,_mined,en.wikipedia.org,encyclopedic,0,0,1,0,0
1036,rub_p_ren_gonz_lez,rub_alpha_66,infiltrated,inferred,_mined,en.wikipedia.org,encyclopedic,0,0,1,0,0
1037,rub_p_gerardo_hern_ndez,rub_cuban_american_national_fo,infiltrated,inferred,_mined,en.wikipedia.org,encyclopedic,0,0,1,0,0
1038,rub_p_antonio_guerrero,rub_cuban_american_national_fo,infiltrated,inferred,_mined,en.wikipedia.org,encyclopedic,0,0,1,0,0
1039,rub_p_ram_n_laba_ino,rub_cuban_american_national_fo,infiltrated,inferred,_mined,en.wikipedia.org,encyclopedic,0,0,1,0,0
1040,rub_p_ren_gonz_lez,rub_cuban_american_national_fo,infiltrated,inferred,_mined,en.wikipedia.org,encyclopedic,0,0,1,0,0
1041,rub_p_gerardo_hern_ndez,rub_brothers_to_the_rescue,infiltrated,inferred,_mined,en.wikipedia.org,encyclopedic,0,0,1,0,0
1042,hub_occupy_sandy,hub_occupy_wall_street,split_from,inferred,_mined,influencewatch.org,advocacy_research,0,1,0,0,0
1043,zarif,codepink,met,inferred,_mined,democracynow.org,news,0,0,0,0,0
1044,rub_ifco_pastors_for_peace,cuba,delegation,confirmed,delegations,indypendent.org,other_org_site,0,0,0,1,0
1045,rub_international_may_day_brig,cuba,delegation,confirmed,delegations,nnoc.org,movement_or_self,0,0,0,1,0
1046,global_exchange,venezuela,delegation,confirmed,delegations,globalexchange.org,movement_or_self,0,0,0,1,0
1047,hatuey,icap,hosted_by,confirmed,delegations,hatueyproject.org,movement_or_self,0,0,0,1,0
1048,rub_venceremos_brigade,icap,hosted_by,confirmed,delegations,iacenter.org|plenglish.com,other|other_org_site,0,0,0,0,0
1049,global_exchange,rub_amistur_cuba_sa,books_through,confirmed,delegations,afrocubaweb.com,other,0,0,0,0,0
1050,rub_amistur_cuba_sa,icap,owned_by,confirmed,delegations,afrocubaweb.com,other,0,0,0,0,0
1051,lariva,hatuey,delegate,confirmed,delegations,hatueyproject.org,movement_or_self,0,0,0,1,0
1052,hub_andira_alves,hatuey,delegate,confirmed,delegations,hatueyproject.org,movement_or_self,0,0,0,1,0
1053,richard_becker,hatuey,delegate,confirmed,delegations,hatueyproject.org,movement_or_self,0,0,0,1,0
1054,icap,rub_venceremos_brigade,hosted,confirmed,rubio-cuba,plenglish.com,other,0,0,0,0,0
1055,icap,inv_juan_ruiz_rivera_brigade,hosted,confirmed,rubio-cuba,plenglish.com,other,0,0,0,0,0
1056,rub_african_national_congress,icap,supported,confirmed,rubio-cuba,plenglish.com,other,0,0,0,0,0
1057,inv_sacp,icap,supported,confirmed,rubio-cuba,plenglish.com,other,0,0,0,0,0
1058,inv_cosatu,icap,supported,confirmed,rubio-cuba,plenglish.com,other,0,0,0,0,0
